candidate_id,source_batch_id,min_current_width_atr,untouched_lookback,market_data_hash,realised_trade_count,r_eligible_trade_count,win_rate,profit_factor,cumulative_gross_r,cumulative_net_r,return_pct,max_drawdown_pct,long_trades,long_win_rate,long_cumulative_gross_r,long_cumulative_net_r,short_trades,short_win_rate,short_cumulative_gross_r,short_cumulative_net_r,run_id,instance_id
w01-lb060,lab_width_x_untouched_2d_v1,1,60,04f80388f867e247ea84d67cacce59dade652531311bf9b4f7ce62a529404503,1401,1401,0.5146324054246966452533904354,1.054605568957917889822278710,41,41,0.2813944414797225884122958506,-0.1728507812503226738002530179,785,0.5222929936305732484076433121,35,35,616,0.5048701298701298701298701299,6,6,run_822cbcd2b29a41179726d0f47d4123e3,ema_pullback:fe270274d69847dcafed8691
w01-lb065,lab_width_x_untouched_2d_v1,1,65,04f80388f867e247ea84d67cacce59dade652531311bf9b4f7ce62a529404503,1345,1345,0.5197026022304832713754646840,1.077417164876493491367044773,53,53,0.3999066422021825498004902388,-0.1804252842899140847246475591,755,0.5258278145695364238410596026,39,39,590,0.5118644067796610169491525424,14,14,run_3a068feb4c4c43c1a0bc64a0e89698e5,ema_pullback:9c4ee741c1015209d38f1a21
w01-lb070,lab_width_x_untouched_2d_v1,1,70,04f80388f867e247ea84d67cacce59dade652531311bf9b4f7ce62a529404503,1301,1301,0.5242121445042275172943889316,1.088560285654267051246329221,63,63,0.4381551022318883967955775217,-0.1567017375604101321372747562,734,0.5299727520435967302452316076,44,44,567,0.5167548500881834215167548501,19,19,run_039b0c7e02264eb19d55293342af4ba1,ema_pullback:3f44bd33ddd9c9891a6e0710
w01-lb075,lab_width_x_untouched_2d_v1,1,75,04f80388f867e247ea84d67cacce59dade652531311bf9b4f7ce62a529404503,1237,1237,0.5270816491511721907841552142,1.103912690746579883252606211,67,67,0.4859676898832109233227221791,-0.1253285833692875953853958152,691,0.5325615050651230101302460203,45,45,546,0.5201465201465201465201465201,22,22,run_e4cd7dbfadc4485196896460b639a319,ema_pullback:8003ff88195de9d94f006d76
w01-lb080,lab_width_x_untouched_2d_v1,1,80,04f80388f867e247ea84d67cacce59dade652531311bf9b4f7ce62a529404503,1168,1168,0.5351027397260273972602739726,1.121468054259155030919322902,82,82,0.5374213012870870043245238905,-0.1157502675906868464148903708,648,0.5447530864197530864197530864,58,58,520,0.5230769230769230769230769231,24,24,run_c1d6dd5b99b047d08c04cb3ce19b9f5e,ema_pullback:b7f179930673bae3192a5686
w01-lb085,lab_width_x_untouched_2d_v1,1,85,04f80388f867e247ea84d67cacce59dade652531311bf9b4f7ce62a529404503,1123,1123,0.5387355298308103294746215494,1.124230096283551731377898086,87,87,0.5259302254568542658574783989,-0.1010026573068479429256985666,619,0.5508885298869143780290791599,63,63,504,0.5238095238095238095238095238,24,24,run_d76cfb85610249dfbd0622a40e59aaca,ema_pullback:855c17b0b99248efd2a85c57
w01-lb090,lab_width_x_untouched_2d_v1,1,90,04f80388f867e247ea84d67cacce59dade652531311bf9b4f7ce62a529404503,1085,1085,0.5382488479262672811059907834,1.138834882377693775853020011,83,83,0.5823218043865424127514406062,-0.1036071436570571470991546727,593,0.5514333895446880269814502530,61,61,492,0.5223577235772357723577235772,22,22,run_29daf67faa064a128b83a814d78c018e,ema_pullback:b9d984b50cc0722a701ba6ec
w01-lb095,lab_width_x_untouched_2d_v1,1,95,04f80388f867e247ea84d67cacce59dade652531311bf9b4f7ce62a529404503,1050,1050,0.5419047619047619047619047619,1.150583978857394395650947105,88,88,0.6169950581883966869354840687,-0.0960039910718316620772888107,571,0.5604203152364273204903677758,69,69,479,0.5198329853862212943632567850,19,19,run_3049f9587b254351ae26708d168cf6c0,ema_pullback:162f88e5a47a5428b1efaf47
w01-lb100,lab_width_x_untouched_2d_v1,1,100,04f80388f867e247ea84d67cacce59dade652531311bf9b4f7ce62a529404503,1015,1015,0.5448275862068965517241379310,1.155644084222992139081476394,91,91,0.6296160503231782063787137391,-0.0864155207642046324870377122,553,0.5605786618444846292947558770,67,67,462,0.5259740259740259740259740260,24,24,run_acb0864084654bbdbd74a56fe25cff93,ema_pullback:b3be74f0eb915bca0b73820b
w01-lb105,lab_width_x_untouched_2d_v1,1,105,04f80388f867e247ea84d67cacce59dade652531311bf9b4f7ce62a529404503,982,982,0.5488798370672097759674134420,1.169782594552009835074937530,96,96,0.6531438760103247340433008786,-0.0884727739651661654202385732,535,0.5700934579439252336448598131,75,75,447,0.5234899328859060402684563758,21,21,run_362778e36d15432db21492a66848b504,ema_pullback:be48637646a26a7af8473b39
w01-lb110,lab_width_x_untouched_2d_v1,1,110,04f80388f867e247ea84d67cacce59dade652531311bf9b4f7ce62a529404503,947,947,0.5501583949313621964097148891,1.180106970848629790569343662,95,95,0.6558510345640792878051302411,-0.1028333570463813575428442328,518,0.5714285714285714285714285714,74,74,429,0.5244755244755244755244755245,21,21,run_7d1f0429cce74778afc40f9fb2080ddc,ema_pullback:716f581b7a03b5bf1a0ae0ff
w01-lb115,lab_width_x_untouched_2d_v1,1,115,04f80388f867e247ea84d67cacce59dade652531311bf9b4f7ce62a529404503,916,916,0.5502183406113537117903930131,1.196956362832067150177818157,92,92,0.7074334752833415892613800633,-0.1028333570463813575428442313,500,0.572,72,72,416,0.5240384615384615384615384615,20,20,run_6d34dd7afb0949e38740bfe4ff2983df,ema_pullback:baa72a383a4112c5ac1162d7
w01-lb120,lab_width_x_untouched_2d_v1,1,120,04f80388f867e247ea84d67cacce59dade652531311bf9b4f7ce62a529404503,884,884,0.5531674208144796380090497738,1.228518407952992293132949294,94,94,0.8029917688644274714998082356,-0.0981923665295016679588800672,483,0.5776397515527950310559006211,75,75,401,0.5236907730673316708229426434,19,19,run_5141a978af6d4b23a6dc3d2826b969fd,ema_pullback:6cb6825d436f922013527ce0
w01-lb125,lab_width_x_untouched_2d_v1,1,125,04f80388f867e247ea84d67cacce59dade652531311bf9b4f7ce62a529404503,848,848,0.5459905660377358490566037736,1.191040777806756886347312070,78,78,0.6075885849556726756913154323,-0.0981923665295016679588800658,467,0.5695931477516059957173447537,65,65,381,0.5170603674540682414698162730,13,13,run_bf86e075913e4df58503f24082bb8348,ema_pullback:874eb2af61d3e81a16fcd794
w01-lb130,lab_width_x_untouched_2d_v1,1,130,04f80388f867e247ea84d67cacce59dade652531311bf9b4f7ce62a529404503,819,819,0.5433455433455433455433455433,1.183457774738643985362948974,71,71,0.5539918318739987321999906302,-0.0932819291397462426550186592,454,0.5660792951541850220264317181,60,60,365,0.5150684931506849315068493151,11,11,run_f77e15d6b8e24e54869366e1b7d9c34b,ema_pullback:8471d322fda4fc5691d48eae
w01-lb135,lab_width_x_untouched_2d_v1,1,135,04f80388f867e247ea84d67cacce59dade652531311bf9b4f7ce62a529404503,793,793,0.5346784363177805800756620429,1.146441545382775636304587069,55,55,0.4241789547112252604744711485,-0.0915541568858519295231867388,440,0.5545454545454545454545454545,48,48,353,0.5099150141643059490084985836,7,7,run_192d190a343c4f4dba44c70b17eb1f45,ema_pullback:596027839b34e623cb121ced
w01-lb140,lab_width_x_untouched_2d_v1,1,140,04f80388f867e247ea84d67cacce59dade652531311bf9b4f7ce62a529404503,764,764,0.5353403141361256544502617801,1.147240673253068767330153855,54,54,0.407451567398776236559936642,-0.0770935961888884133411568373,421,0.5534441805225653206650831354,45,45,343,0.5131195335276967930029154519,9,9,run_83ee0842cb784039a7d89ddb04e398de,ema_pullback:a723f9a9c252153e6799c892
w02-lb060,lab_width_x_untouched_2d_v1,2,60,04f80388f867e247ea84d67cacce59dade652531311bf9b4f7ce62a529404503,1398,1398,0.5157367668097281831187410587,1.060464789317501459698034961,44,44,0.3155037125117235934059643253,-0.1728507812503226738002530198,783,0.5236270753512132822477650064,37,37,615,0.5056910569105691056910569106,7,7,run_987b16aa49344652bad8de822f15d6b7,ema_pullback:97b9946b6a31dc3df212b8e3
w02-lb065,lab_width_x_untouched_2d_v1,2,65,04f80388f867e247ea84d67cacce59dade652531311bf9b4f7ce62a529404503,1342,1342,0.5208643815201192250372578241,1.083567645436485294885494901,56,56,0.4371705740038785359406929167,-0.1804252842899140847246475599,753,0.5272244355909694555112881806,41,41,589,0.5127334465195246179966044143,15,15,run_e8a97f6e45e946e18c82959dbb8d4a54,ema_pullback:0b50a845c5c6397a69d3734c
w02-lb070,lab_width_x_untouched_2d_v1,2,70,04f80388f867e247ea84d67cacce59dade652531311bf9b4f7ce62a529404503,1299,1299,0.5250192455735180908391070054,1.090570462335632623670205731,65,65,0.4510003021667124765922608973,-0.1567017375604101321372747549,733,0.5306957708049113233287858117,45,45,566,0.5176678445229681978798586572,20,20,run_e09884d37076499086c378399f4824b4,ema_pullback:35a815b5ae038c1a74e5e8e8
w02-lb075,lab_width_x_untouched_2d_v1,2,75,04f80388f867e247ea84d67cacce59dade652531311bf9b4f7ce62a529404503,1236,1236,0.5275080906148867313915857605,1.105191690429178788844675619,68,68,0.4938218338206617576403516174,-0.1253285833692875953853958106,690,0.5333333333333333333333333333,46,46,546,0.5201465201465201465201465201,22,22,run_f6ec19183de546a0bd9b50456ba81345,ema_pullback:ca7b5ece19ed3afbb9493b07
w02-lb080,lab_width_x_untouched_2d_v1,2,80,04f80388f867e247ea84d67cacce59dade652531311bf9b4f7ce62a529404503,1167,1167,0.5355612682090831191088260497,1.122841556705420042642625801,83,83,0.5455474054244931057814625298,-0.1157502675906868464148903624,647,0.5455950540958268933539412674,59,59,520,0.5230769230769230769230769231,24,24,run_8de36e987de845a7b0f2eec1a2889a18,ema_pullback:f2b67f0f378d655196cc26ee
w02-lb085,lab_width_x_untouched_2d_v1,2,85,04f80388f867e247ea84d67cacce59dade652531311bf9b4f7ce62a529404503,1123,1123,0.5387355298308103294746215494,1.124230096283551731377898086,87,87,0.5259302254568542658574783989,-0.1010026573068479429256985666,619,0.5508885298869143780290791599,63,63,504,0.5238095238095238095238095238,24,24,run_3daae0b3db9e4f158a9738261032952b,ema_pullback:447321d18436e854364c164d
w02-lb090,lab_width_x_untouched_2d_v1,2,90,04f80388f867e247ea84d67cacce59dade652531311bf9b4f7ce62a529404503,1085,1085,0.5382488479262672811059907834,1.138834882377693775853020011,83,83,0.5823218043865424127514406062,-0.1036071436570571470991546727,593,0.5514333895446880269814502530,61,61,492,0.5223577235772357723577235772,22,22,run_ef9c79020c2849a4a1661b59ab6e9253,ema_pullback:723235b17f07d4ccbdd44977
w02-lb095,lab_width_x_untouched_2d_v1,2,95,04f80388f867e247ea84d67cacce59dade652531311bf9b4f7ce62a529404503,1050,1050,0.5419047619047619047619047619,1.150583978857394395650947105,88,88,0.6169950581883966869354840687,-0.0960039910718316620772888107,571,0.5604203152364273204903677758,69,69,479,0.5198329853862212943632567850,19,19,run_6239dd057b65493ea9d0cee81af929ce,ema_pullback:c8094c3ca54f854fdc56f8c5
w02-lb100,lab_width_x_untouched_2d_v1,2,100,04f80388f867e247ea84d67cacce59dade652531311bf9b4f7ce62a529404503,1015,1015,0.5448275862068965517241379310,1.155644084222992139081476394,91,91,0.6296160503231782063787137391,-0.0864155207642046324870377122,553,0.5605786618444846292947558770,67,67,462,0.5259740259740259740259740260,24,24,run_ca3da84bf4384120a3a06454978762c8,ema_pullback:8a8a266d291e1a9238741aaa
w02-lb105,lab_width_x_untouched_2d_v1,2,105,04f80388f867e247ea84d67cacce59dade652531311bf9b4f7ce62a529404503,982,982,0.5488798370672097759674134420,1.169782594552009835074937530,96,96,0.6531438760103247340433008786,-0.0884727739651661654202385732,535,0.5700934579439252336448598131,75,75,447,0.5234899328859060402684563758,21,21,run_0a8e72e71a1c4e10ab697034991d3248,ema_pullback:6d6090fa0992eaed1a475db9
w02-lb110,lab_width_x_untouched_2d_v1,2,110,04f80388f867e247ea84d67cacce59dade652531311bf9b4f7ce62a529404503,947,947,0.5501583949313621964097148891,1.180106970848629790569343662,95,95,0.6558510345640792878051302411,-0.1028333570463813575428442328,518,0.5714285714285714285714285714,74,74,429,0.5244755244755244755244755245,21,21,run_995e8d3472974baa92214096b5399e8c,ema_pullback:d15a217bab192a16ac8c4afb
w02-lb115,lab_width_x_untouched_2d_v1,2,115,04f80388f867e247ea84d67cacce59dade652531311bf9b4f7ce62a529404503,916,916,0.5502183406113537117903930131,1.196956362832067150177818157,92,92,0.7074334752833415892613800633,-0.1028333570463813575428442313,500,0.572,72,72,416,0.5240384615384615384615384615,20,20,run_c2e9b2596835425f93bfc20b54bc05aa,ema_pullback:85666754402bd47bbd3c55cb
w02-lb120,lab_width_x_untouched_2d_v1,2,120,04f80388f867e247ea84d67cacce59dade652531311bf9b4f7ce62a529404503,884,884,0.5531674208144796380090497738,1.228518407952992293132949294,94,94,0.8029917688644274714998082356,-0.0981923665295016679588800672,483,0.5776397515527950310559006211,75,75,401,0.5236907730673316708229426434,19,19,run_c9959ce40cad44daa8a8ef51dc380937,ema_pullback:74f3083aef5eafe4c82e90c2
w02-lb125,lab_width_x_untouched_2d_v1,2,125,04f80388f867e247ea84d67cacce59dade652531311bf9b4f7ce62a529404503,848,848,0.5459905660377358490566037736,1.191040777806756886347312070,78,78,0.6075885849556726756913154323,-0.0981923665295016679588800658,467,0.5695931477516059957173447537,65,65,381,0.5170603674540682414698162730,13,13,run_1d6c471400644075a924f684b98c31fa,ema_pullback:72f3bf820b9cefebd4d3f580
w02-lb130,lab_width_x_untouched_2d_v1,2,130,04f80388f867e247ea84d67cacce59dade652531311bf9b4f7ce62a529404503,819,819,0.5433455433455433455433455433,1.183457774738643985362948974,71,71,0.5539918318739987321999906302,-0.0932819291397462426550186592,454,0.5660792951541850220264317181,60,60,365,0.5150684931506849315068493151,11,11,run_3549c4181f8544a483c28d8844be29e7,ema_pullback:c2a80c925bc5f688df0b4049
w02-lb135,lab_width_x_untouched_2d_v1,2,135,04f80388f867e247ea84d67cacce59dade652531311bf9b4f7ce62a529404503,793,793,0.5346784363177805800756620429,1.146441545382775636304587069,55,55,0.4241789547112252604744711485,-0.0915541568858519295231867388,440,0.5545454545454545454545454545,48,48,353,0.5099150141643059490084985836,7,7,run_feaa065212614512b02e4701e05ed6fd,ema_pullback:75413c09e7d67d0f8a2e2f4c
w02-lb140,lab_width_x_untouched_2d_v1,2,140,04f80388f867e247ea84d67cacce59dade652531311bf9b4f7ce62a529404503,764,764,0.5353403141361256544502617801,1.147240673253068767330153855,54,54,0.407451567398776236559936642,-0.0770935961888884133411568373,421,0.5534441805225653206650831354,45,45,343,0.5131195335276967930029154519,9,9,run_721060a4960249b0bca30e802f62f680,ema_pullback:c663a46382c43acbb75475bc
w03-lb060,lab_width_x_untouched_2d_v1,3,60,04f80388f867e247ea84d67cacce59dade652531311bf9b4f7ce62a529404503,1382,1382,0.5173661360347322720694645441,1.064104274794755045169873845,48,48,0.3286815984826567746852043964,-0.1790935115232488461464148158,776,0.5270618556701030927835051546,42,42,606,0.5049504950495049504950495050,6,6,run_5cf7c4f1f9f64accb217cd8d7670fd48,ema_pullback:5f055d9772a9dd45dd464149
w03-lb065,lab_width_x_untouched_2d_v1,3,65,04f80388f867e247ea84d67cacce59dade652531311bf9b4f7ce62a529404503,1327,1327,0.5222305953278070836473247928,1.086037414375391373231763560,59,59,0.4414683918386329578532896675,-0.1866108476353309671310854675,747,0.5301204819277108433734939759,45,45,580,0.5120689655172413793103448276,14,14,run_c1a3ffe15cba406e8d4d75210bb543fc,ema_pullback:5c216424889b6e262652f601
w03-lb070,lab_width_x_untouched_2d_v1,3,70,04f80388f867e247ea84d67cacce59dade652531311bf9b4f7ce62a529404503,1285,1285,0.5268482490272373540856031128,1.095689236660074656041889520,69,69,0.4699121931092332516449092754,-0.1630663492564659974660504806,727,0.5337001375515818431911966988,49,49,558,0.5179211469534050179211469534,20,20,run_270c259650ae482192604964c7a304f0,ema_pullback:d8ac2a34788027bce96121ad
w03-lb075,lab_width_x_untouched_2d_v1,3,75,04f80388f867e247ea84d67cacce59dade652531311bf9b4f7ce62a529404503,1224,1224,0.5294117647058823529411764706,1.110959766680006150715898342,72,72,0.5180035285352250273058011148,-0.1319299771779133732213278237,685,0.5357664233576642335766423358,49,49,539,0.5213358070500927643784786642,23,23,run_35157dacf69c4220a2bdd6f393233264,ema_pullback:c3181af06fbabe4ee1b80d21
w03-lb080,lab_width_x_untouched_2d_v1,3,80,04f80388f867e247ea84d67cacce59dade652531311bf9b4f7ce62a529404503,1159,1159,0.5366695427092320966350301984,1.123025539749269193751282431,85,85,0.5429586213456759979324846865,-0.1217185374646493553865342894,644,0.5465838509316770186335403727,60,60,515,0.5242718446601941747572815534,25,25,run_d243a4f44ab5455aa68b098f6661e3a4,ema_pullback:e8cbcb57564d317b5bbc6880
w03-lb085,lab_width_x_untouched_2d_v1,3,85,04f80388f867e247ea84d67cacce59dade652531311bf9b4f7ce62a529404503,1115,1115,0.5399103139013452914798206278,1.124428300110425786226415369,89,89,0.5233743000551591095373005417,-0.1010026573068479429256985627,616,0.5519480519480519480519480519,64,64,499,0.5250501002004008016032064128,25,25,run_20cffc0851ff40b094bd0869aace3c61,ema_pullback:ae729163d79242124eea263a
w03-lb090,lab_width_x_untouched_2d_v1,3,90,04f80388f867e247ea84d67cacce59dade652531311bf9b4f7ce62a529404503,1077,1077,0.5394614670380687093779015785,1.139156008913666634067939534,85,85,0.5796714233756565184719568294,-0.1036071436570571470991546766,590,0.5525423728813559322033898305,62,62,487,0.5236139630390143737166324435,23,23,run_eb1a5e14df5e4a34ad2f762ba564b3a3,ema_pullback:315313c02ae6ae06247e9eb8
w03-lb095,lab_width_x_untouched_2d_v1,3,95,04f80388f867e247ea84d67cacce59dade652531311bf9b4f7ce62a529404503,1043,1043,0.5426653883029721955896452541,1.150069834331718662694510467,89,89,0.6103138487843810036508706752,-0.0960039910718316620772888046,568,0.5616197183098591549295774648,70,70,475,0.52,19,19,run_417ed8ebb6bd454c8f0f9bfb0c701984,ema_pullback:fcd1c80bfd8d3f16c54157ce
w03-lb100,lab_width_x_untouched_2d_v1,3,100,04f80388f867e247ea84d67cacce59dade652531311bf9b4f7ce62a529404503,1008,1008,0.5456349206349206349206349206,1.155167564001320950708084260,92,92,0.6228826926513543442388519293,-0.0864155207642046324870377080,550,0.5618181818181818181818181818,68,68,458,0.5262008733624454148471615721,24,24,run_80dd36c09e0840cd9cde9c17505c93b4,ema_pullback:632133750486ce229f1be8e5
w03-lb105,lab_width_x_untouched_2d_v1,3,105,04f80388f867e247ea84d67cacce59dade652531311bf9b4f7ce62a529404503,975,975,0.5497435897435897435897435897,1.169334006169047184873122363,97,97,0.6463133044791010057802180366,-0.0884727739651661654202385738,532,0.5714285714285714285714285714,76,76,443,0.5237020316027088036117381490,21,21,run_e3aa9818a7844b9dac5a5070213b4662,ema_pullback:90884cb14e74c6e704e6c0d4
w03-lb110,lab_width_x_untouched_2d_v1,3,110,04f80388f867e247ea84d67cacce59dade652531311bf9b4f7ce62a529404503,940,940,0.5510638297872340425531914894,1.179674993984126693174560696,96,96,0.6490092774122836758354106219,-0.1028333570463813575428442322,515,0.5728155339805825242718446602,75,75,425,0.5247058823529411764705882353,21,21,run_70f1563fc71a4a2dad749bd7a7a7355f,ema_pullback:640c8735a8ccff728a7e27b9
w03-lb115,lab_width_x_untouched_2d_v1,3,115,04f80388f867e247ea84d67cacce59dade652531311bf9b4f7ce62a529404503,909,909,0.5511551155115511551155115512,1.196650006709423185475554233,93,93,0.7003785863187612634702766826,-0.1028333570463813575428442314,497,0.5734406438631790744466800805,73,73,412,0.5242718446601941747572815534,20,20,run_fbd2859546dd469187f68e675e75aede,ema_pullback:bea91829e31bd87a84d55f92
w03-lb120,lab_width_x_untouched_2d_v1,3,120,04f80388f867e247ea84d67cacce59dade652531311bf9b4f7ce62a529404503,877,877,0.5541619156214367160775370582,1.228404392698313842680898774,95,95,0.7955420456877865810539565828,-0.0981923665295016679588800662,480,0.5791666666666666666666666667,76,76,397,0.5239294710327455919395465995,19,19,run_c40424604f3b44ac974c42cf74bd6348,ema_pullback:f0ec0f5fc9f3ff05e1d2bcec
w03-lb125,lab_width_x_untouched_2d_v1,3,125,04f80388f867e247ea84d67cacce59dade652531311bf9b4f7ce62a529404503,841,841,0.5469678953626634958382877527,1.190645467153877519361180147,79,79,0.6009462418531356795397248233,-0.0981923665295016679588800681,464,0.5711206896551724137931034483,66,66,377,0.5172413793103448275862068966,13,13,run_9ea8edcb812049b3b14bc8ab124af9f0,ema_pullback:986d45834c2405ae48318c72
w03-lb130,lab_width_x_untouched_2d_v1,3,130,04f80388f867e247ea84d67cacce59dade652531311bf9b4f7ce62a529404503,814,814,0.5429975429975429975429975430,1.177770249450922979768850412,70,70,0.5314552549558689424707064384,-0.0932819291397462426550186594,451,0.5676274944567627494456762749,61,61,363,0.5123966942148760330578512397,9,9,run_3c26605e5614470285e862921bef5cf1,ema_pullback:a1a3bdf32465eb538f593ec7
w03-lb135,lab_width_x_untouched_2d_v1,3,135,04f80388f867e247ea84d67cacce59dade652531311bf9b4f7ce62a529404503,788,788,0.5342639593908629441624365482,1.140712938331562045494393174,54,54,0.4035249732039185745685890441,-0.0984104558916047469340292841,437,0.5560640732265446224256292906,49,49,351,0.5071225071225071225071225071,5,5,run_1510fffa32c942208f1190b44c912d7e,ema_pullback:537e7943ceace8f5e32c7a13
w03-lb140,lab_width_x_untouched_2d_v1,3,140,04f80388f867e247ea84d67cacce59dade652531311bf9b4f7ce62a529404503,759,759,0.5349143610013175230566534914,1.141297093996941090219494046,53,53,0.3870401727848329142432077488,-0.0770935961888884133411568375,418,0.5550239234449760765550239234,46,46,341,0.5102639296187683284457478006,7,7,run_6e790e60f35c4f35b3a62d6006a93ff3,ema_pullback:878337dd63e28d815bbb467b
w04-lb060,lab_width_x_untouched_2d_v1,4,60,04f80388f867e247ea84d67cacce59dade652531311bf9b4f7ce62a529404503,1283,1283,0.5105222135619641465315666407,1.027498988639961964164346653,27,27,0.1210785720936392232324502986,-0.2155216190613184981928706321,729,0.5212620027434842249657064472,31,31,554,0.4963898916967509025270758123,-4,-4,run_e4ae884b7b604fc7ad73195d76b0d214,ema_pullback:247c729a787b984135dc3073
w04-lb065,lab_width_x_untouched_2d_v1,4,65,04f80388f867e247ea84d67cacce59dade652531311bf9b4f7ce62a529404503,1236,1236,0.5153721682847896440129449838,1.049692626881873864077165583,38,38,0.2191711403805805149317773689,-0.1888382444457404271586012240,703,0.5248933143669985775248933144,35,35,533,0.5028142589118198874296435272,3,3,run_056613c23b534c1abb1b8352cf272fbb,ema_pullback:fdae813a442d3669af635384
w04-lb070,lab_width_x_untouched_2d_v1,4,70,04f80388f867e247ea84d67cacce59dade652531311bf9b4f7ce62a529404503,1198,1198,0.5200333889816360601001669449,1.060868737104563134732878240,48,48,0.2599748404149460052380835643,-0.1675564999112800917405801332,685,0.5299270072992700729927007299,41,41,513,0.5068226120857699805068226121,7,7,run_3172023efd5746e6ba426631db9bc816,ema_pullback:2538392de4f8d4d896186e86
w04-lb075,lab_width_x_untouched_2d_v1,4,75,04f80388f867e247ea84d67cacce59dade652531311bf9b4f7ce62a529404503,1143,1143,0.5223097112860892388451443570,1.077362889673677475021200552,51,51,0.3210418092012702550240924217,-0.1391048608718728653788783268,649,0.5315870570107858243451463790,41,41,494,0.5101214574898785425101214575,10,10,run_45bfe774f50b4901acf7af06377c35f2,ema_pullback:f55d72c5ce642f72b3637648
w04-lb080,lab_width_x_untouched_2d_v1,4,80,04f80388f867e247ea84d67cacce59dade652531311bf9b4f7ce62a529404503,1088,1088,0.5294117647058823529411764706,1.092712457384444295869979591,64,64,0.3670556046981338325781269655,-0.1216350449624209023414224064,614,0.5423452768729641693811074919,52,52,474,0.5126582278481012658227848101,12,12,run_fff28841d15a4671b52e421bf6b58548,ema_pullback:348e9a9fd3cddf76241d7b9c
w04-lb085,lab_width_x_untouched_2d_v1,4,85,04f80388f867e247ea84d67cacce59dade652531311bf9b4f7ce62a529404503,1047,1047,0.5319961795606494746895893028,1.088961670486198040336067806,67,67,0.3358191620010088799875000449,-0.1047207300775959902944359336,587,0.5468483816013628620102214651,55,55,460,0.5130434782608695652173913043,12,12,run_799bfde2cd6043aeaf5a9c4629402d9c,ema_pullback:e2513d3e90a611f5ba490e6a
w04-lb090,lab_width_x_untouched_2d_v1,4,90,04f80388f867e247ea84d67cacce59dade652531311bf9b4f7ce62a529404503,1017,1017,0.5339233038348082595870206490,1.109557127447015187697638867,69,69,0.4152079140335024390526102587,-0.1087852186835346638645164958,563,0.5488454706927175843694493783,55,55,454,0.5154185022026431718061674009,14,14,run_5effbf2493224eedb07a921edec1ed0c,ema_pullback:6a9828d96b2f3cf168ac6157
w04-lb095,lab_width_x_untouched_2d_v1,4,95,04f80388f867e247ea84d67cacce59dade652531311bf9b4f7ce62a529404503,988,988,0.5384615384615384615384615385,1.123769786712595127763239000,76,76,0.4643512890817857782324372309,-0.1182057964521918907846601015,543,0.5598526703499079189686924494,65,65,445,0.5123595505617977528089887640,11,11,run_0fac63a7b16b4ae7a6b34d6b7ca53630,ema_pullback:02aa900191ee180e7632ee60
w04-lb100,lab_width_x_untouched_2d_v1,4,100,04f80388f867e247ea84d67cacce59dade652531311bf9b4f7ce62a529404503,956,956,0.5418410041841004184100418410,1.127980415912343385729576077,80,80,0.4730834399626965096786602771,-0.1040109033818061564349212508,526,0.5608365019011406844106463878,64,64,430,0.5186046511627906976744186047,16,16,run_742fa6372f8743f7b096cf903902ecd1,ema_pullback:8d42407bc239cd132259c5e1
w04-lb105,lab_width_x_untouched_2d_v1,4,105,04f80388f867e247ea84d67cacce59dade652531311bf9b4f7ce62a529404503,925,925,0.5459459459459459459459459459,1.141214308311680030713657461,85,85,0.4969605259074076163263681165,-0.0884727739651661654202385743,509,0.5697445972495088408644400786,71,71,416,0.5168269230769230769230769231,14,14,run_cc7a5af754c2453483f9f55a564b6e7d,ema_pullback:1f8d944a502c6c5f88c79a8b
w04-lb110,lab_width_x_untouched_2d_v1,4,110,04f80388f867e247ea84d67cacce59dade652531311bf9b4f7ce62a529404503,891,891,0.5476992143658810325476992144,1.152072848975068895767835152,85,85,0.5076585000531801634082888009,-0.1028333570463813575428442327,492,0.5711382113821138211382113821,70,70,399,0.5187969924812030075187969925,15,15,run_d7accb48d077471f80a9cc914966359a,ema_pullback:794484c02e4f4ee331f4ab3a
w04-lb115,lab_width_x_untouched_2d_v1,4,115,04f80388f867e247ea84d67cacce59dade652531311bf9b4f7ce62a529404503,862,862,0.5464037122969837587006960557,1.163370732003632596520855497,80,80,0.5346323269893271228585119903,-0.1028333570463813575428442313,475,0.5705263157894736842105263158,67,67,387,0.5167958656330749354005167959,13,13,run_2e26dda6aced4de6aea5e4af25ed16cc,ema_pullback:63b3805047192c0e5dd77f1e
w04-lb120,lab_width_x_untouched_2d_v1,4,120,04f80388f867e247ea84d67cacce59dade652531311bf9b4f7ce62a529404503,834,834,0.5479616306954436450839328537,1.189677264099255161353890553,80,80,0.6082487422389207777318420547,-0.0892771659857862189306822392,459,0.5751633986928104575163398693,69,69,375,0.5146666666666666666666666667,11,11,run_9c7f7fdb3d8644548aecdef7be4e8149,ema_pullback:f4d96212ce0baeb76127e4c2
w04-lb125,lab_width_x_untouched_2d_v1,4,125,04f80388f867e247ea84d67cacce59dade652531311bf9b4f7ce62a529404503,801,801,0.5418227215980024968789013733,1.161840281968126173727479563,67,67,0.4777957055127586102257292292,-0.0856489939242849187060449072,444,0.5675675675675675675675675676,60,60,357,0.5098039215686274509803921569,7,7,run_b4457984c76e47e69829e5c263516cab,ema_pullback:c763a9851001225a46a632e5
w04-lb130,lab_width_x_untouched_2d_v1,4,130,04f80388f867e247ea84d67cacce59dade652531311bf9b4f7ce62a529404503,777,777,0.5392535392535392535392535393,1.155626233386301946116866812,61,61,0.4404367308537503552611129126,-0.0790273880889364163918130234,432,0.5648148148148148148148148148,56,56,345,0.5072463768115942028985507246,5,5,run_1f7ee6263bd144458fe51843d85fc893,ema_pullback:689b727c3182483129d1dfe5
w04-lb135,lab_width_x_untouched_2d_v1,4,135,04f80388f867e247ea84d67cacce59dade652531311bf9b4f7ce62a529404503,753,753,0.5312084993359893758300132802,1.123469548808500780849934061,47,47,0.3356654841220161417216686433,-0.0992691165050891232120149946,419,0.5536992840095465393794749403,45,45,334,0.5029940119760479041916167665,2,2,run_ff622ebe0f1c4e9fb9c0d767605e2008,ema_pullback:954c173079a005f7ab5bebfd
w04-lb140,lab_width_x_untouched_2d_v1,4,140,04f80388f867e247ea84d67cacce59dade652531311bf9b4f7ce62a529404503,732,732,0.5314207650273224043715846995,1.124835755009504051587233521,46,46,0.3247356398462404976361696087,-0.0923848859833178619919778457,404,0.5544554455445544554455445545,44,44,328,0.5030487804878048780487804878,2,2,run_4bb90c433a724597991c43c0aa9f8120,ema_pullback:f0fad8ef8c2029fd8d075307
w05-lb060,lab_width_x_untouched_2d_v1,5,60,04f80388f867e247ea84d67cacce59dade652531311bf9b4f7ce62a529404503,1065,1065,0.5248826291079812206572769953,1.074730741264856450650541614,53,53,0.2721246953883310735959828211,-0.1055447621910516914023885112,602,0.5348837209302325581395348837,42,42,463,0.5118790496760259179265658747,11,11,run_b0b739b51a5a4523a081998ae3930056,ema_pullback:888c2ce8024166e6738a76ff
w05-lb065,lab_width_x_untouched_2d_v1,5,65,04f80388f867e247ea84d67cacce59dade652531311bf9b4f7ce62a529404503,1035,1035,0.5275362318840579710144927536,1.089223487916076779374469353,57,57,0.3244297536167884692565019377,-0.1121417346592248944589000082,585,0.5367521367521367521367521368,43,43,450,0.5155555555555555555555555556,14,14,run_4993cf50566e4fa2a4022d2d4f7873f1,ema_pullback:82b19bf103094d400563baa8
w05-lb070,lab_width_x_untouched_2d_v1,5,70,04f80388f867e247ea84d67cacce59dade652531311bf9b4f7ce62a529404503,1005,1005,0.5303482587064676616915422886,1.094535132055546914583701315,61,61,0.3300120485757513277205612517,-0.1010493135503594320486411164,572,0.5402097902097902097902097902,46,46,433,0.5173210161662817551963048499,15,15,run_f10036fa556046829ba8a534cf2b37df,ema_pullback:54e0cf0b68bc15841b3d3381
w05-lb075,lab_width_x_untouched_2d_v1,5,75,04f80388f867e247ea84d67cacce59dade652531311bf9b4f7ce62a529404503,967,967,0.5315408479834539813857290589,1.110132637950219300938240519,61,61,0.3771357963932123482553178551,-0.1027617510120494666053182074,547,0.5393053016453382084095063985,43,43,420,0.5214285714285714285714285714,18,18,run_61bb674d6d5a4b85a7934b65c2eec18f,ema_pullback:4e49397149a8f857cef3fa27
w05-lb080,lab_width_x_untouched_2d_v1,5,80,04f80388f867e247ea84d67cacce59dade652531311bf9b4f7ce62a529404503,928,928,0.5387931034482758620689655172,1.127060142049414369288597032,72,72,0.4222976888734368304968654336,-0.0900277862615184809539567246,523,0.5487571701720841300191204589,51,51,405,0.5259259259259259259259259259,21,21,run_d908906438de44cea604238574854011,ema_pullback:706e05c8b6754cac198a0135
w05-lb085,lab_width_x_untouched_2d_v1,5,85,04f80388f867e247ea84d67cacce59dade652531311bf9b4f7ce62a529404503,903,903,0.5426356589147286821705426357,1.130429875160074988579731339,77,77,0.4216449948135826102845269811,-0.0900277862615184809539567235,508,0.5531496062992125984251968504,54,54,395,0.5291139240506329113924050633,23,23,run_f0125d55582d49159358aa92ca15b5a1,ema_pullback:b1a0367e485e0c56903ed629
w05-lb090,lab_width_x_untouched_2d_v1,5,90,04f80388f867e247ea84d67cacce59dade652531311bf9b4f7ce62a529404503,882,882,0.5453514739229024943310657596,1.155179794452842151571773407,80,80,0.5039085639206218699215207384,-0.0853540487195045571557928237,491,0.5580448065173116089613034623,57,57,391,0.5294117647058823529411764706,23,23,run_18a41920f997415d8dcc9d02462eb959,ema_pullback:dc424e1fd7217c6db29e1da9
w05-lb095,lab_width_x_untouched_2d_v1,5,95,04f80388f867e247ea84d67cacce59dade652531311bf9b4f7ce62a529404503,859,859,0.5506402793946449359720605355,1.177972757755839697405727783,87,87,0.5769727864111057788399400158,-0.0809594573400944760711796914,474,0.5696202531645569620253164557,66,66,385,0.5272727272727272727272727273,21,21,run_ddd23887c0ab4edbaa08fb61001eae83,ema_pullback:ed56b19e999d93317e74d6fa
w05-lb100,lab_width_x_untouched_2d_v1,5,100,04f80388f867e247ea84d67cacce59dade652531311bf9b4f7ce62a529404503,839,839,0.5518474374255065554231227652,1.177612574937453655731654705,87,87,0.567930756621930657892159677,-0.0809594573400944760711796913,462,0.5692640692640692640692640693,64,64,377,0.5305039787798408488063660477,23,23,run_a03b5f51bd0040258d0184a6956a29e1,ema_pullback:fc847def5980b7ad10f350a4
w05-lb105,lab_width_x_untouched_2d_v1,5,105,04f80388f867e247ea84d67cacce59dade652531311bf9b4f7ce62a529404503,814,814,0.5552825552825552825552825553,1.187303188873530070250819948,90,90,0.5690339092060985124554789842,-0.0824861332656177311466783127,448,0.578125,70,70,366,0.5273224043715846994535519126,20,20,run_c6b0dca2c7054295bb984a47f22a6249,ema_pullback:fa5528a2861240136b025207
w05-lb110,lab_width_x_untouched_2d_v1,5,110,04f80388f867e247ea84d67cacce59dade652531311bf9b4f7ce62a529404503,791,791,0.5537294563843236409608091024,1.186981021065168423029785049,85,85,0.5485750472538369298445398736,-0.0824861332656177311466783123,436,0.5756880733944954128440366972,66,66,355,0.5267605633802816901408450704,19,19,run_a2b174004e274b55a7bd0ce9c9582f6e,ema_pullback:5f350922d0916361b2e04c43
w05-lb115,lab_width_x_untouched_2d_v1,5,115,04f80388f867e247ea84d67cacce59dade652531311bf9b4f7ce62a529404503,770,770,0.5532467532467532467532467532,1.203206942833597084331406063,82,82,0.5831341572284119862199494724,-0.0824861332656177311466783125,422,0.5758293838862559241706161137,64,64,348,0.5258620689655172413793103448,18,18,run_a87ead28f86f44db94b44b2a09484ec6,ema_pullback:419ad4915ac0488ac6ec6445
w05-lb120,lab_width_x_untouched_2d_v1,5,120,04f80388f867e247ea84d67cacce59dade652531311bf9b4f7ce62a529404503,754,754,0.5517241379310344827586206897,1.207530733707503821579185475,78,78,0.5875071094690268099340289751,-0.0809077847586370115821667569,413,0.5738498789346246973365617433,61,61,341,0.5249266862170087976539589443,17,17,run_dba78af04f4546c6b57084c3f4f35e04,ema_pullback:696e7acb042047bdc7535a72
w05-lb125,lab_width_x_untouched_2d_v1,5,125,04f80388f867e247ea84d67cacce59dade652531311bf9b4f7ce62a529404503,727,727,0.5447042640990371389270976616,1.176623598782446815606314638,65,65,0.4622108167353522365274280542,-0.0772462704397481884463353870,401,0.5660847880299251870324189526,53,53,326,0.5184049079754601226993865031,12,12,run_184d732d43b94f0aa5f49dd78b7196bb,ema_pullback:3264ab9b7fa56b628915cfa9
w05-lb130,lab_width_x_untouched_2d_v1,5,130,04f80388f867e247ea84d67cacce59dade652531311bf9b4f7ce62a529404503,710,710,0.5422535211267605633802816901,1.167910764666171718200716156,60,60,0.4271953442099253905569638774,-0.0779381208979158849411407550,393,0.5648854961832061068702290076,51,51,317,0.5141955835962145110410094637,9,9,run_772faf246ff944dea26424bd27a220ff,ema_pullback:fb2e6db80a69f30a5bcd2c2b
w05-lb135,lab_width_x_untouched_2d_v1,5,135,04f80388f867e247ea84d67cacce59dade652531311bf9b4f7ce62a529404503,694,694,0.5360230547550432276657060519,1.144522056835235424703464740,50,50,0.3570040355420964287979354432,-0.0818985127846124811015126623,385,0.5584415584415584415584415584,45,45,309,0.5080906148867313915857605178,5,5,run_8f333895a2ca4eafacd929e8d841c158,ema_pullback:4878490c34828f18ccabb1dd
w05-lb140,lab_width_x_untouched_2d_v1,5,140,04f80388f867e247ea84d67cacce59dade652531311bf9b4f7ce62a529404503,676,676,0.5369822485207100591715976331,1.155663280688271320013348015,50,50,0.3743702598193082368981727851,-0.0902421006324982475003878920,372,0.5591397849462365591397849462,44,44,304,0.5098684210526315789473684211,6,6,run_00dfef332b714dfa9833378039d45d8e,ema_pullback:07fdf6726e42b5ac7ff9136b
w06-lb060,lab_width_x_untouched_2d_v1,6,60,04f80388f867e247ea84d67cacce59dade652531311bf9b4f7ce62a529404503,835,835,0.5377245508982035928143712575,1.145675715879972479233484830,63,63,0.4166074170849654775674372931,-0.1095640079399474413105528065,486,0.5452674897119341563786008230,44,44,349,0.5272206303724928366762177650,19,19,run_f8ae492520f04442937c2b04119f7bfd,ema_pullback:82755f24b4230a7d64d1d2b9
w06-lb065,lab_width_x_untouched_2d_v1,6,65,04f80388f867e247ea84d67cacce59dade652531311bf9b4f7ce62a529404503,815,815,0.5374233128834355828220858896,1.148214376040364882934883447,61,61,0.417336099011811923455302625,-0.1095640079399474413105528037,475,0.5452631578947368421052631579,43,43,340,0.5264705882352941176470588235,18,18,run_4e2d63d1530d44eeb3e5905886c17d02,ema_pullback:4ae75d057cb0de44fa473264
w06-lb070,lab_width_x_untouched_2d_v1,6,70,04f80388f867e247ea84d67cacce59dade652531311bf9b4f7ce62a529404503,798,798,0.5388471177944862155388471178,1.147378567721218151221001295,62,62,0.4068461685805630225280667461,-0.1126183152088068477971443651,466,0.5472103004291845493562231760,44,44,332,0.5271084337349397590361445783,18,18,run_ea0f882713c4406fb99476aa3d2dd076,ema_pullback:fbb6a82109d593da2318e002
w06-lb075,lab_width_x_untouched_2d_v1,6,75,04f80388f867e247ea84d67cacce59dade652531311bf9b4f7ce62a529404503,776,776,0.5386597938144329896907216495,1.148545781252048982227410907,60,60,0.398268883230380126259169823,-0.1068493089483372548947713758,451,0.5476718403547671840354767184,43,43,325,0.5261538461538461538461538462,17,17,run_027fe504dcda4e5595c264fb8d8c77fc,ema_pullback:d1bb2112a8d545ac800e9393
w06-lb080,lab_width_x_untouched_2d_v1,6,80,04f80388f867e247ea84d67cacce59dade652531311bf9b4f7ce62a529404503,751,751,0.5432756324900133155792276964,1.156281188823557539683612030,65,65,0.4084410692719865927057016991,-0.0967873747973139955389616104,435,0.5563218390804597701149425287,49,49,316,0.5253164556962025316455696203,16,16,run_31821d3b102346aeb191c3f0f704a78c,ema_pullback:a6c6fe9b65b2673fc1a09bab
w06-lb085,lab_width_x_untouched_2d_v1,6,85,04f80388f867e247ea84d67cacce59dade652531311bf9b4f7ce62a529404503,739,739,0.5453315290933694181326116373,1.161429340108904168897540560,67,67,0.4122949982029882495417488264,-0.0967131128804673940658311514,428,0.5584112149532710280373831776,50,50,311,0.5273311897106109324758842444,17,17,run_f4d1b5fcf81747818b408a46520bff7e,ema_pullback:f13aa0cebce0dd7dfad4a9ed
w06-lb090,lab_width_x_untouched_2d_v1,6,90,04f80388f867e247ea84d67cacce59dade652531311bf9b4f7ce62a529404503,722,722,0.5470914127423822714681440443,1.174744609200789971454430023,68,68,0.4407555091216842816661082966,-0.1002270541090875894561247562,413,0.5617433414043583535108958838,51,51,309,0.5275080906148867313915857605,17,17,run_b9cb63201420429dbd59b675e0df4c42,ema_pullback:abc97c6fc207d105b137b304
w06-lb095,lab_width_x_untouched_2d_v1,6,95,04f80388f867e247ea84d67cacce59dade652531311bf9b4f7ce62a529404503,704,704,0.5525568181818181818181818182,1.201460678867074850187885948,74,74,0.5025784551041919988814867264,-0.0901971368683582080008190640,399,0.5714285714285714285714285714,57,57,305,0.5278688524590163934426229508,17,17,run_346d35673e3e4bc5a89a9019fdfae129,ema_pullback:540ba3486a71099a31219ce6
w06-lb100,lab_width_x_untouched_2d_v1,6,100,04f80388f867e247ea84d67cacce59dade652531311bf9b4f7ce62a529404503,692,692,0.5549132947976878612716763006,1.211785310851667914601576827,76,76,0.5216256594444367814081985349,-0.0934368076199293704578288088,391,0.5728900255754475703324808184,57,57,301,0.5315614617940199335548172757,19,19,run_70c1574651dd4def94797a663d2a4ea3,ema_pullback:9f51590b78c5160c192cc4de
w06-lb105,lab_width_x_untouched_2d_v1,6,105,04f80388f867e247ea84d67cacce59dade652531311bf9b4f7ce62a529404503,679,679,0.5581737849779086892488954345,1.216104963319344825502653247,79,79,0.5197018766508744349516175942,-0.0878585789442035518384059221,383,0.5822454308093994778067885117,63,63,296,0.5270270270270270270270270270,16,16,run_194bb6fb26484385abfd6771f6328569,ema_pullback:5cec98e72f82f3353c5b8fb6
w06-lb110,lab_width_x_untouched_2d_v1,6,110,04f80388f867e247ea84d67cacce59dade652531311bf9b4f7ce62a529404503,661,661,0.5567322239031770045385779123,1.215325689204605344095599623,75,75,0.4991774626993808767972782552,-0.0878585789442035518384059209,374,0.5775401069518716577540106952,58,58,287,0.5296167247386759581881533101,17,17,run_f1a9c3c54a4e4b2389eab0934ebb728a,ema_pullback:37d0d80394e2bc6dcc144b8d
w06-lb115,lab_width_x_untouched_2d_v1,6,115,04f80388f867e247ea84d67cacce59dade652531311bf9b4f7ce62a529404503,644,644,0.5543478260869565217391304348,1.216071149979626772486135555,70,70,0.4842281619352758264933655747,-0.0921225814275977073643821419,363,0.5730027548209366391184573003,53,53,281,0.5302491103202846975088967972,17,17,run_35a8c772db6944bfa8ebb2837668ad6e,ema_pullback:c1b240bba46e425b66964174
w06-lb120,lab_width_x_untouched_2d_v1,6,120,04f80388f867e247ea84d67cacce59dade652531311bf9b4f7ce62a529404503,633,633,0.5545023696682464454976303318,1.228975425938454712101149062,69,69,0.5065819065443810413326682849,-0.0971520577717708372200174524,356,0.5730337078651685393258426966,52,52,277,0.5306859205776173285198555957,17,17,run_87eb74074e984ad5af52377beab6aee5,ema_pullback:6e635a6b98adb1e2f0325e70
w06-lb125,lab_width_x_untouched_2d_v1,6,125,04f80388f867e247ea84d67cacce59dade652531311bf9b4f7ce62a529404503,610,610,0.5491803278688524590163934426,1.200396963434355760478829242,60,60,0.414041348122297355341164866,-0.0935552580019242003389690248,345,0.5652173913043478260869565217,45,45,265,0.5283018867924528301886792453,15,15,run_f821f060aeff4ab99c0aab29757b4fee,ema_pullback:68e9caa71278b15114c703a3
w06-lb130,lab_width_x_untouched_2d_v1,6,130,04f80388f867e247ea84d67cacce59dade652531311bf9b4f7ce62a529404503,597,597,0.5477386934673366834170854271,1.185994457311454103781779586,57,57,0.3737499505160597242824778053,-0.0924208740795466489637332445,339,0.5634218289085545722713864307,43,43,258,0.5271317829457364341085271318,14,14,run_875398d70fc7433fa34bc4e4bfc35099,ema_pullback:7f2ec4b6a4c40fa4326300d5
w06-lb135,lab_width_x_untouched_2d_v1,6,135,04f80388f867e247ea84d67cacce59dade652531311bf9b4f7ce62a529404503,585,585,0.5435897435897435897435897436,1.167759288731288692535813257,51,51,0.3285490404929791334873004336,-0.0977700991368631767668146570,333,0.5585585585585585585585585586,39,39,252,0.5238095238095238095238095238,12,12,run_cd680c2827564f5f8bef0302b1da885c,ema_pullback:ed6e82e35f7f8d7c95bc8bbc
w06-lb140,lab_width_x_untouched_2d_v1,6,140,04f80388f867e247ea84d67cacce59dade652531311bf9b4f7ce62a529404503,569,569,0.5448154657293497363796133568,1.181580117540321012766773810,51,51,0.3435868692664411278813574553,-0.1030534650455223736223221451,322,0.5590062111801242236024844720,38,38,247,0.5263157894736842105263157895,13,13,run_d472b989ede7441dad4eccfafb4b77ab,ema_pullback:6bc5291a8b879b99e2736a1a
w07-lb060,lab_width_x_untouched_2d_v1,7,60,04f80388f867e247ea84d67cacce59dade652531311bf9b4f7ce62a529404503,659,659,0.5250379362670713201820940819,1.082222360808752886176681892,33,33,0.1624868046515790218421302742,-0.1282633328630418995300628816,393,0.5190839694656488549618320611,15,15,266,0.5338345864661654135338345865,18,18,run_268fed127255426c90781a376b3f1c11,ema_pullback:711b5ea8c4116f698ac8f94f
w07-lb065,lab_width_x_untouched_2d_v1,7,65,04f80388f867e247ea84d67cacce59dade652531311bf9b4f7ce62a529404503,646,646,0.5232198142414860681114551084,1.082567781273992488903052665,30,30,0.1607594717838766717898204621,-0.1299643023899879121396209804,386,0.5207253886010362694300518135,16,16,260,0.5269230769230769230769230769,14,14,run_5271e77356b546ecbfa34013614b1834,ema_pullback:4dd037295b4aa319f17859fa
w07-lb070,lab_width_x_untouched_2d_v1,7,70,04f80388f867e247ea84d67cacce59dade652531311bf9b4f7ce62a529404503,635,635,0.5244094488188976377952755906,1.081688128444887911523064554,31,31,0.1570531605726368554796883646,-0.1307891560474297337331085698,379,0.5250659630606860158311345646,19,19,256,0.5234375,12,12,run_08e3a87e11c74520a669d15bc6bee3fb,ema_pullback:51e688de5083f2b03f9c360a
w07-lb075,lab_width_x_untouched_2d_v1,7,75,04f80388f867e247ea84d67cacce59dade652531311bf9b4f7ce62a529404503,620,620,0.5241935483870967741935483871,1.077814046293758276918358550,30,30,0.145621611548195714985397034,-0.1317592136071927686534325735,367,0.5286103542234332425068119891,21,21,253,0.5177865612648221343873517787,9,9,run_5fa082ff9a744cf2842436951ec84a1b,ema_pullback:fbe9f2dceb36345739c9c8a6
w07-lb080,lab_width_x_untouched_2d_v1,7,80,04f80388f867e247ea84d67cacce59dade652531311bf9b4f7ce62a529404503,603,603,0.5290215588723051409618573798,1.085224922529158728080049456,35,35,0.1568324801894061364579297947,-0.1265587698774125209703291682,355,0.5380281690140845070422535211,27,27,248,0.5161290322580645161290322581,8,8,run_ca290e66e46446c1af6946ec3df539fa,ema_pullback:9aa02515f7881f830ccb5bc2
w07-lb085,lab_width_x_untouched_2d_v1,7,85,04f80388f867e247ea84d67cacce59dade652531311bf9b4f7ce62a529404503,597,597,0.5326633165829145728643216080,1.087300214027267975609175721,39,39,0.1586861763410242357399333844,-0.1241072352314606717686698753,352,0.5426136363636363636363636364,30,30,245,0.5183673469387755102040816327,9,9,run_700acf53db674ac8bff92c1da09511b9,ema_pullback:022683efbd27291f45f6218f
w07-lb090,lab_width_x_untouched_2d_v1,7,90,04f80388f867e247ea84d67cacce59dade652531311bf9b4f7ce62a529404503,584,584,0.5376712328767123287671232877,1.115747273980061071412002365,44,44,0.2079822401829406230933313835,-0.0974074399004149117802707380,340,0.55,34,34,244,0.5204918032786885245901639344,10,10,run_5e8f7e9440ef4aaa95b17d7638618159,ema_pullback:d6d55e211d4182b7dc6e3dd3
w07-lb095,lab_width_x_untouched_2d_v1,7,95,04f80388f867e247ea84d67cacce59dade652531311bf9b4f7ce62a529404503,571,571,0.5411558669001751313485113835,1.139681938130683667336950563,47,47,0.2469070342729923436904594284,-0.0873460919556474470090088527,330,0.5575757575757575757575757576,38,38,241,0.5186721991701244813278008299,9,9,run_1b6ab3a6e6f04a999cfb1718f02ee11a,ema_pullback:e7263bb7f9e2ba10cfce90d3
w07-lb100,lab_width_x_untouched_2d_v1,7,100,04f80388f867e247ea84d67cacce59dade652531311bf9b4f7ce62a529404503,564,564,0.5443262411347517730496453901,1.149168351149792362908754881,50,50,0.2629119514169530375090803654,-0.0809798153538824399424257335,324,0.5617283950617283950617283951,40,40,240,0.5208333333333333333333333333,10,10,run_eb91b4bbcf304687ac08482f0e79635b,ema_pullback:a3b796126248128e888164b3
w07-lb105,lab_width_x_untouched_2d_v1,7,105,04f80388f867e247ea84d67cacce59dade652531311bf9b4f7ce62a529404503,555,555,0.5495495495495495495495495495,1.161228320285145249653861597,55,55,0.2800363041356001718138645823,-0.0809798153538824399424257302,318,0.5723270440251572327044025157,46,46,237,0.5189873417721518987341772152,9,9,run_c3d1fea8f3d541e09663201eaafc7dee,ema_pullback:a6815efec290c2442c3246c8
w07-lb110,lab_width_x_untouched_2d_v1,7,110,04f80388f867e247ea84d67cacce59dade652531311bf9b4f7ce62a529404503,542,542,0.5479704797047970479704797048,1.161116036751181584498665639,52,52,0.2697793285568678534473066174,-0.0809798153538824399424257351,313,0.5654952076677316293929712460,41,41,229,0.5240174672489082969432314410,11,11,run_1ca3259298794542bf070fbd8dc2dbac,ema_pullback:cc1dc6d0fb0505567be7613b
w07-lb115,lab_width_x_untouched_2d_v1,7,115,04f80388f867e247ea84d67cacce59dade652531311bf9b4f7ce62a529404503,530,530,0.5471698113207547169811320755,1.167588713818873644830833209,50,50,0.2717643642098283644346017864,-0.0809798153538824399424257316,307,0.5635179153094462540716612378,39,39,223,0.5246636771300448430493273543,11,11,run_fbbdc72b46d9455f95a98a05fb0af9b5,ema_pullback:9db1a72e2eb09718f4f27b94
w07-lb120,lab_width_x_untouched_2d_v1,7,120,04f80388f867e247ea84d67cacce59dade652531311bf9b4f7ce62a529404503,522,522,0.5478927203065134099616858238,1.187762043801946189761585176,50,50,0.3000641814149097345683674035,-0.0762202969956801153890465470,303,0.5643564356435643564356435644,39,39,219,0.5251141552511415525114155251,11,11,run_b142576053364780ae61f684742503c8,ema_pullback:4c23f82bcc8ae6024162526f
w07-lb125,lab_width_x_untouched_2d_v1,7,125,04f80388f867e247ea84d67cacce59dade652531311bf9b4f7ce62a529404503,507,507,0.5443786982248520710059171598,1.178587634718925666684784563,45,45,0.2788463629427000332550473271,-0.0762324454840806622666445200,296,0.5608108108108108108108108108,36,36,211,0.5213270142180094786729857820,9,9,run_67abc16e6b0246bba6149ac45aa37ae1,ema_pullback:10bceff4cf3e61edbc6ee0f9
w07-lb130,lab_width_x_untouched_2d_v1,7,130,04f80388f867e247ea84d67cacce59dade652531311bf9b4f7ce62a529404503,497,497,0.5452716297786720321931589537,1.173957115070617768510333691,45,45,0.2663600808932279327782967513,-0.0768373081707639410922589562,293,0.5631399317406143344709897611,37,37,204,0.5196078431372549019607843137,8,8,run_f97db79a233c44a79dca6f173da17901,ema_pullback:1a7771959ac311ca01f0fa57
w07-lb135,lab_width_x_untouched_2d_v1,7,135,04f80388f867e247ea84d67cacce59dade652531311bf9b4f7ce62a529404503,487,487,0.5400410677618069815195071869,1.152883391016250027985192443,39,39,0.2293845582657184561280496476,-0.0768373081707639410922589544,288,0.5590277777777777777777777778,34,34,199,0.5125628140703517587939698492,5,5,run_0a1f1176184b4cb3bc4072ee4957149e,ema_pullback:11c8c44f5d681b0a1ffd8279
w07-lb140,lab_width_x_untouched_2d_v1,7,140,04f80388f867e247ea84d67cacce59dade652531311bf9b4f7ce62a529404503,474,474,0.5379746835443037974683544304,1.145748170574176665355501256,36,36,0.2137282127852820831355201965,-0.0789737857813013114381915041,279,0.5555555555555555555555555556,31,31,195,0.5128205128205128205128205128,5,5,run_fecef824da804dbebd0d1c8546d7fd0f,ema_pullback:3f767602b2b1710e24297ed0
w08-lb060,lab_width_x_untouched_2d_v1,8,60,04f80388f867e247ea84d67cacce59dade652531311bf9b4f7ce62a529404503,514,514,0.5389105058365758754863813230,1.145454286491226318643900750,40,40,0.197672257445887532282843441,-0.0743912597594864736773108734,319,0.5485893416927899686520376176,31,31,195,0.5230769230769230769230769231,9,9,run_577a2a2c198049d79234c124f46c888e,ema_pullback:7e00e26a4e6e3b93beb8afa4
w08-lb065,lab_width_x_untouched_2d_v1,8,65,04f80388f867e247ea84d67cacce59dade652531311bf9b4f7ce62a529404503,505,505,0.5346534653465346534653465347,1.132358989054946401980033567,35,35,0.1763669334991463553782104098,-0.0824570315162584347802471330,315,0.5460317460317460317460317460,29,29,190,0.5157894736842105263157894737,6,6,run_ecd0a7e01f024ff38729d5b67965f83a,ema_pullback:5783ec7522a0b65993b11ffc
w08-lb070,lab_width_x_untouched_2d_v1,8,70,04f80388f867e247ea84d67cacce59dade652531311bf9b4f7ce62a529404503,500,500,0.538,1.146130067608028514442679058,38,38,0.1943604065259230399225307303,-0.0824570315162584347802471328,311,0.5498392282958199356913183280,31,31,189,0.5185185185185185185185185185,7,7,run_10f2d070bb7a44ae935cee8181534e9e,ema_pullback:01c679c6303c05b9598b1a01
w08-lb075,lab_width_x_untouched_2d_v1,8,75,04f80388f867e247ea84d67cacce59dade652531311bf9b4f7ce62a529404503,490,490,0.5387755102040816326530612245,1.134151445446719791494483024,38,38,0.1730614947555523698835481259,-0.0909067867980496393324098976,301,0.5514950166112956810631229236,31,31,189,0.5185185185185185185185185185,7,7,run_474e2d473dee4f07a22ed1e33c8edd1c,ema_pullback:65e0d59469ab52120de260ad
w08-lb080,lab_width_x_untouched_2d_v1,8,80,04f80388f867e247ea84d67cacce59dade652531311bf9b4f7ce62a529404503,478,478,0.5439330543933054393305439331,1.144935609850397371867850339,42,42,0.1842945113886610763311247926,-0.0909067867980496393324098974,292,0.5616438356164383561643835616,36,36,186,0.5161290322580645161290322581,6,6,run_27c8f1ddbd724f1c9e4c8d6e7d87a995,ema_pullback:7f62e433f76197f7496f4484
w08-lb085,lab_width_x_untouched_2d_v1,8,85,04f80388f867e247ea84d67cacce59dade652531311bf9b4f7ce62a529404503,473,473,0.5475687103594080338266384778,1.143283417491411469164682970,45,45,0.1793389447398586386338703194,-0.0909067867980496393324098974,289,0.5674740484429065743944636678,39,39,184,0.5163043478260869565217391304,6,6,run_3b1a9feb1c5646dfb48973a26f03b4cf,ema_pullback:90e92543ad961e9c82c79fa2
w08-lb090,lab_width_x_untouched_2d_v1,8,90,04f80388f867e247ea84d67cacce59dade652531311bf9b4f7ce62a529404503,466,466,0.5472103004291845493562231760,1.151437925971718522457194064,44,44,0.1876325149648820058708861038,-0.0909067867980496393324098959,282,0.5673758865248226950354609929,38,38,184,0.5163043478260869565217391304,6,6,run_6c804b28c11d42d9a11e7bd4b579f529,ema_pullback:5ce9380a8e02d0f1fff17a13
w08-lb095,lab_width_x_untouched_2d_v1,8,95,04f80388f867e247ea84d67cacce59dade652531311bf9b4f7ce62a529404503,460,460,0.55,1.173936615642326414271822119,46,46,0.2150031060707697845021419379,-0.0909067867980496393324098980,277,0.5740072202166064981949458484,41,41,183,0.5136612021857923497267759563,5,5,run_95c7a468df9f4881b622901c10960208,ema_pullback:0a99f8822be8531c5673c164
w08-lb100,lab_width_x_untouched_2d_v1,8,100,04f80388f867e247ea84d67cacce59dade652531311bf9b4f7ce62a529404503,455,455,0.5516483516483516483516483516,1.182672528667811756615540350,47,47,0.2243495203916285033123675362,-0.0909067867980496393324098979,273,0.5750915750915750915750915751,41,41,182,0.5164835164835164835164835165,6,6,run_9370952e649d4f3a9553805e11e00016,ema_pullback:c95ca7b2c69ca706ba2fa39c
w08-lb105,lab_width_x_untouched_2d_v1,8,105,04f80388f867e247ea84d67cacce59dade652531311bf9b4f7ce62a529404503,451,451,0.5565410199556541019955654102,1.203208560256234645787999460,51,51,0.2481977179218334943283452967,-0.0871717787395014307615148276,269,0.5836431226765799256505576208,45,45,182,0.5164835164835164835164835165,6,6,run_c27fab0832b545cd94828641d3d28fcb,ema_pullback:1cb98d85d75ee5e2e0971379
w08-lb110,lab_width_x_untouched_2d_v1,8,110,04f80388f867e247ea84d67cacce59dade652531311bf9b4f7ce62a529404503,445,445,0.5528089887640449438202247191,1.193017940816819001001153194,47,47,0.2328554530265709411095041686,-0.0811407839041253347735108411,266,0.5789473684210526315789473684,42,42,179,0.5139664804469273743016759777,5,5,run_30e71c32a7614db5a07349ac86bb3a2a,ema_pullback:a16888a4153c88ca1dc41368
w08-lb115,lab_width_x_untouched_2d_v1,8,115,04f80388f867e247ea84d67cacce59dade652531311bf9b4f7ce62a529404503,435,435,0.5540229885057471264367816092,1.211548158347120793142049118,47,47,0.2465604925082841646617274717,-0.0848583688207662409287733878,260,0.5769230769230769230769230769,40,40,175,0.52,7,7,run_80cb7cfbd3a24cc98e67108087c95b9c,ema_pullback:426c16da614fb6c9315778ba
w08-lb120,lab_width_x_untouched_2d_v1,8,120,04f80388f867e247ea84d67cacce59dade652531311bf9b4f7ce62a529404503,430,430,0.5534883720930232558139534884,1.207367356176768146637512292,46,46,0.2399634286012432156015883255,-0.0803330763651563437174619210,256,0.578125,40,40,174,0.5172413793103448275862068966,6,6,run_0b82f80dfedc4b49a3592b511a1c52f3,ema_pullback:6864494dab8f874958ea4406
w08-lb125,lab_width_x_untouched_2d_v1,8,125,04f80388f867e247ea84d67cacce59dade652531311bf9b4f7ce62a529404503,420,420,0.5523809523809523809523809524,1.213033191571260281720992052,44,44,0.2443288936951163242567925003,-0.0803330763651563437174619214,252,0.5753968253968253968253968254,38,38,168,0.5178571428571428571428571429,6,6,run_814785ffc5f149db956ab815fc9a971a,ema_pullback:d1867e8106c113cae6719eb4
w08-lb130,lab_width_x_untouched_2d_v1,8,130,04f80388f867e247ea84d67cacce59dade652531311bf9b4f7ce62a529404503,412,412,0.5558252427184466019417475728,1.215960160535788935681825091,46,46,0.2438748785257865939363181533,-0.0809352540488865543163923957,250,0.58,40,40,162,0.5185185185185185185185185185,6,6,run_be3734b394894aacabdb7d532471d87d,ema_pullback:fc62c5e135357971dd353350
w08-lb135,lab_width_x_untouched_2d_v1,8,135,04f80388f867e247ea84d67cacce59dade652531311bf9b4f7ce62a529404503,405,405,0.5530864197530864197530864198,1.204790882652181309104846976,43,43,0.2271131382216404360652479847,-0.0809352540488865543163923948,246,0.5772357723577235772357723577,38,38,159,0.5157232704402515723270440252,5,5,run_948039f4b84b4578baae77c9da338f24,ema_pullback:cd49bfd2f431298de1f1da65
w08-lb140,lab_width_x_untouched_2d_v1,8,140,04f80388f867e247ea84d67cacce59dade652531311bf9b4f7ce62a529404503,392,392,0.5510204081632653061224489796,1.195973170308643226663670730,40,40,0.2114857195214390781257990345,-0.0729578563214948127190588274,237,0.5738396624472573839662447257,35,35,155,0.5161290322580645161290322581,5,5,run_d85dfeefb22a4284a2df7b6dee6085ec,ema_pullback:fc3eec340deba5eac5feb2fc
w09-lb060,lab_width_x_untouched_2d_v1,9,60,04f80388f867e247ea84d67cacce59dade652531311bf9b4f7ce62a529404503,406,406,0.5394088669950738916256157635,1.093874301650292644347351258,32,32,0.09269487581421753670381025451,-0.0693210027020190264827045618,259,0.5598455598455598455598455598,31,31,147,0.5034013605442176870748299320,1,1,run_b879097b21824d74acaea5ad6331ef13,ema_pullback:28a253eb8e57ca7b5242f5bd
w09-lb065,lab_width_x_untouched_2d_v1,9,65,04f80388f867e247ea84d67cacce59dade652531311bf9b4f7ce62a529404503,399,399,0.5313283208020050125313283208,1.068095520497171289163572950,25,25,0.06615531426149880752633000613,-0.0752969834027912761239175276,256,0.5546875,28,28,143,0.4895104895104895104895104895,-3,-3,run_735fa001b90d4f6fa8c8fa5d5c4c4855,ema_pullback:0c281c2f73c54227807a2bc9
w09-lb070,lab_width_x_untouched_2d_v1,9,70,04f80388f867e247ea84d67cacce59dade652531311bf9b4f7ce62a529404503,395,395,0.5341772151898734177215189873,1.081063311120479058638513886,27,27,0.07842468685481116391596514736,-0.0752969834027912761239175252,252,0.5595238095238095238095238095,30,30,143,0.4895104895104895104895104895,-3,-3,run_26bc1a00fa064ffbbf971629e97ff2de,ema_pullback:ef6c87380010e82210f0a7ff
w09-lb075,lab_width_x_untouched_2d_v1,9,75,04f80388f867e247ea84d67cacce59dade652531311bf9b4f7ce62a529404503,387,387,0.5348837209302325581395348837,1.069129618063934631064522159,27,27,0.06526436723872505866164286595,-0.0838126763642800613100954607,244,0.5614754098360655737704918033,30,30,143,0.4895104895104895104895104895,-3,-3,run_4b319fb78f21479d8b9b08308509ee8a,ema_pullback:c03660d94b5164e44e123cd2
w09-lb080,lab_width_x_untouched_2d_v1,9,80,04f80388f867e247ea84d67cacce59dade652531311bf9b4f7ce62a529404503,376,376,0.5425531914893617021276595745,1.093694930575165231229553306,32,32,0.08718224073901783478213775494,-0.0838126763642800613100954613,235,0.5744680851063829787234042553,35,35,141,0.4893617021276595744680851064,-3,-3,run_46d1e41679444339982145fc40a634e5,ema_pullback:4db08d43f380c168a4a6ec8d
w09-lb085,lab_width_x_untouched_2d_v1,9,85,04f80388f867e247ea84d67cacce59dade652531311bf9b4f7ce62a529404503,372,372,0.5456989247311827956989247312,1.082569208800294372404908979,34,34,0.07560585691443333596284570828,-0.0838126763642800613100954613,232,0.5818965517241379310344827586,38,38,140,0.4857142857142857142857142857,-4,-4,run_e1b37855ff734d3cb7a0a9de5db4744f,ema_pullback:5a6ee8132c93e988f21f02b0
w09-lb090,lab_width_x_untouched_2d_v1,9,90,04f80388f867e247ea84d67cacce59dade652531311bf9b4f7ce62a529404503,368,368,0.5434782608695652173913043478,1.081347871345079481542603053,32,32,0.07365885024153221125000480678,-0.0838126763642800613100954603,228,0.5789473684210526315789473684,36,36,140,0.4857142857142857142857142857,-4,-4,run_a23509b6b9e74d3a91ff359e0d9b52e0,ema_pullback:5c1eee8e32960b7ef958e837
w09-lb095,lab_width_x_untouched_2d_v1,9,95,04f80388f867e247ea84d67cacce59dade652531311bf9b4f7ce62a529404503,364,364,0.5439560439560439560439560440,1.101359957743380835995106747,32,32,0.09128004332593833241361933,-0.0838126763642800613100954603,225,0.5822222222222222222222222222,37,37,139,0.4820143884892086330935251799,-5,-5,run_420c2ad4d83940899bf38ef78976f24c,ema_pullback:641aa102a314156457bd5af8
w09-lb100,lab_width_x_untouched_2d_v1,9,100,04f80388f867e247ea84d67cacce59dade652531311bf9b4f7ce62a529404503,360,360,0.5444444444444444444444444444,1.104974401818859335733581932,32,32,0.0941348242585266433592289564,-0.0838126763642800613100954582,222,0.5810810810810810810810810811,36,36,138,0.4855072463768115942028985507,-4,-4,run_35287c830a7744e4b8f370f55bb97d96,ema_pullback:4f14169d58e15358100a929e
w09-lb105,lab_width_x_untouched_2d_v1,9,105,04f80388f867e247ea84d67cacce59dade652531311bf9b4f7ce62a529404503,356,356,0.5505617977528089887640449438,1.130187710003663650179126208,36,36,0.115446666162337854261831977,-0.0800485221640011980769081349,218,0.5917431192660550458715596330,40,40,138,0.4855072463768115942028985507,-4,-4,run_13821c97280c4ff0af7956ff36b958b4,ema_pullback:e170dbfa0b09714fb0706315
w09-lb110,lab_width_x_untouched_2d_v1,9,110,04f80388f867e247ea84d67cacce59dade652531311bf9b4f7ce62a529404503,353,353,0.5495750708215297450424929178,1.131183210111385550172152517,35,35,0.1154292296300152483759851158,-0.0739704644501805925314123971,216,0.5879629629629629629629629630,38,38,137,0.4890510948905109489051094891,-3,-3,run_c891531836c84906844a0021940b6f13,ema_pullback:4e0e5ca5ee36cc40170c5bbc
w09-lb115,lab_width_x_untouched_2d_v1,9,115,04f80388f867e247ea84d67cacce59dade652531311bf9b4f7ce62a529404503,346,346,0.5462427745664739884393063584,1.123476721271848307780994648,32,32,0.1062444875578821524428811512,-0.0777170595470346778196726881,211,0.5829383886255924170616113744,35,35,135,0.4888888888888888888888888889,-3,-3,run_4ffd4b3bc75e4fb28432b3198a01fed8,ema_pullback:89b3d757c5ddb815d230ea9e
w09-lb120,lab_width_x_untouched_2d_v1,9,120,04f80388f867e247ea84d67cacce59dade652531311bf9b4f7ce62a529404503,342,342,0.5467836257309941520467836257,1.121054039634991955864326500,32,32,0.1032614527732963548099066269,-0.0731564539640589629207580723,208,0.5865384615384615384615384615,36,36,134,0.4850746268656716417910447761,-4,-4,run_24f1aa921029448ca1a3433055b295a2,ema_pullback:58d3075f23005701b7f02c33
w09-lb125,lab_width_x_untouched_2d_v1,9,125,04f80388f867e247ea84d67cacce59dade652531311bf9b4f7ce62a529404503,335,335,0.5492537313432835820895522388,1.133633591902266309828087149,33,33,0.1125068662822802228354190816,-0.0731564539640589629207580725,205,0.5853658536585365853658536585,35,35,130,0.4923076923076923076923076923,-2,-2,run_a4c6c6f355d14ffcac8df1492588d552,ema_pullback:2dbc8faccfc857b78a9c5296
w09-lb130,lab_width_x_untouched_2d_v1,9,130,04f80388f867e247ea84d67cacce59dade652531311bf9b4f7ce62a529404503,329,329,0.5531914893617021276595744681,1.140616206301923776085007486,35,35,0.116625232535468372234489017,-0.0737633307423672613006972391,204,0.5882352941176470588235294118,36,36,125,0.496,-1,-1,run_055499f2b3454af49523fc29c1a87dbf,ema_pullback:f4b4720d210c74f78668d305
w09-lb135,lab_width_x_untouched_2d_v1,9,135,04f80388f867e247ea84d67cacce59dade652531311bf9b4f7ce62a529404503,325,325,0.5538461538461538461538461538,1.142619616279592127682671792,35,35,0.1172402694458710833645490108,-0.0737633307423672613006972391,201,0.5870646766169154228855721393,35,35,124,0.5,0,0,run_e28dc245daec4d1c845955a5041e03c5,ema_pullback:2b28f231e622c9ea70018b6f
w09-lb140,lab_width_x_untouched_2d_v1,9,140,04f80388f867e247ea84d67cacce59dade652531311bf9b4f7ce62a529404503,315,315,0.5492063492063492063492063492,1.115137327271444115687416479,31,31,0.09254742991690189215840149096,-0.0737633307423672613006972402,194,0.5824742268041237113402061856,32,32,121,0.4958677685950413223140495868,-1,-1,run_cb51c3658433454085800e65f69e41c5,ema_pullback:4905666f295bab37424ecb50
w10-lb060,lab_width_x_untouched_2d_v1,10,60,04f80388f867e247ea84d67cacce59dade652531311bf9b4f7ce62a529404503,302,302,0.5596026490066225165562913907,1.151397871009444091790426048,36,36,0.1027104841112191533906909416,-0.0677810448311678610190280558,198,0.5858585858585858585858585859,34,34,104,0.5096153846153846153846153846,2,2,run_15d382d51d654e6d834ef38f6438a488,ema_pullback:c52d8ea1713b6a17f5ba9e8d
w10-lb065,lab_width_x_untouched_2d_v1,10,65,04f80388f867e247ea84d67cacce59dade652531311bf9b4f7ce62a529404503,296,296,0.5506756756756756756756756757,1.122138846692809930974124821,30,30,0.08195773766354697001041184601,-0.0748523657886527006456869964,195,0.5794871794871794871794871795,31,31,101,0.4950495049504950495049504950,-1,-1,run_ca2b0912a4bc42e295db411a0f65a3c5,ema_pullback:e33c955e44ae23539e464c0b
w10-lb070,lab_width_x_untouched_2d_v1,10,70,04f80388f867e247ea84d67cacce59dade652531311bf9b4f7ce62a529404503,293,293,0.5529010238907849829351535836,1.138484964329557153605333000,31,31,0.09201419053098576360515931406,-0.0723831935581890812007197690,192,0.5833333333333333333333333333,32,32,101,0.4950495049504950495049504950,-1,-1,run_435aba82181443d49058f651828fe14f,ema_pullback:cdf335da0a9fbbe8c51c96d2
w10-lb075,lab_width_x_untouched_2d_v1,10,75,04f80388f867e247ea84d67cacce59dade652531311bf9b4f7ce62a529404503,285,285,0.5543859649122807017543859649,1.122098812427403761972714490,31,31,0.07868803438131285588449801917,-0.0709952657054608057899679010,184,0.5869565217391304347826086957,32,32,101,0.4950495049504950495049504950,-1,-1,run_9738e04db9c9412989d7e1383c10b58c,ema_pullback:e0e315f957f5aa0fb9121921
w10-lb080,lab_width_x_untouched_2d_v1,10,80,04f80388f867e247ea84d67cacce59dade652531311bf9b4f7ce62a529404503,279,279,0.5555555555555555555555555556,1.125571633604468562342320354,31,31,0.08011206019581073375419869259,-0.0740701671106636299620328386,180,0.5888888888888888888888888889,32,32,99,0.4949494949494949494949494949,-1,-1,run_0650b66d1dbd4de0a7ade04e54fddafd,ema_pullback:815937d669c784ff9b5a04bb
w10-lb085,lab_width_x_untouched_2d_v1,10,85,04f80388f867e247ea84d67cacce59dade652531311bf9b4f7ce62a529404503,278,278,0.5575539568345323741007194245,1.132698212671054235771995998,32,32,0.08414862652630925557525132558,-0.0740701671106636299620328386,179,0.5921787709497206703910614525,33,33,99,0.4949494949494949494949494949,-1,-1,run_9f42cc660df74fb6bb2a3eaaa6005cb1,ema_pullback:2dbf47e8c063ad2c5cc1ca1a
w10-lb090,lab_width_x_untouched_2d_v1,10,90,04f80388f867e247ea84d67cacce59dade652531311bf9b4f7ce62a529404503,275,275,0.5563636363636363636363636364,1.138321228386472093557161817,31,31,0.08632895820708842771359618033,-0.0666803794782660316326990705,176,0.5909090909090909090909090909,32,32,99,0.4949494949494949494949494949,-1,-1,run_039c26caa11945c0aea989d2ddb511ea,ema_pullback:e2e69dc7e46173a53421dbf6
w10-lb095,lab_width_x_untouched_2d_v1,10,95,04f80388f867e247ea84d67cacce59dade652531311bf9b4f7ce62a529404503,273,273,0.5531135531135531135531135531,1.134582187078104151563012823,29,29,0.0838201377344971818391247768,-0.0666803794782660316326990732,175,0.5885714285714285714285714286,31,31,98,0.4897959183673469387755102041,-2,-2,run_acb0f39e35a64bf2a05752d0e24acde2,ema_pullback:657fb5e30927a96266a85a51
w10-lb100,lab_width_x_untouched_2d_v1,10,100,04f80388f867e247ea84d67cacce59dade652531311bf9b4f7ce62a529404503,269,269,0.5539033457249070631970260223,1.140120689538128599097115363,29,29,0.08665540360642659057035133127,-0.0630332704808016528011254787,172,0.5872093023255813953488372093,30,30,97,0.4948453608247422680412371134,-1,-1,run_1abbf17e508d4d1d839e983a9c90d982,ema_pullback:ba17853464eca1af6c805dce
w10-lb105,lab_width_x_untouched_2d_v1,10,105,04f80388f867e247ea84d67cacce59dade652531311bf9b4f7ce62a529404503,267,267,0.5580524344569288389513108614,1.158604754279259508417243496,31,31,0.09706913010051544264016553745,-0.0630332704808016528011254793,170,0.5941176470588235294117647059,32,32,97,0.4948453608247422680412371134,-1,-1,run_d88862ba441a4d2581b5d51a04814622,ema_pullback:17e0be266fc3a8b94e370709
w10-lb110,lab_width_x_untouched_2d_v1,10,110,04f80388f867e247ea84d67cacce59dade652531311bf9b4f7ce62a529404503,265,265,0.5547169811320754716981132075,1.147527321588953794252472459,29,29,0.089851405701488704269871793,-0.0630332704808016528011254815,168,0.5892857142857142857142857143,30,30,97,0.4948453608247422680412371134,-1,-1,run_0e4d2ea932b9402f832ba76b41515264,ema_pullback:d0337f22ef4242571ff2c0df
w10-lb115,lab_width_x_untouched_2d_v1,10,115,04f80388f867e247ea84d67cacce59dade652531311bf9b4f7ce62a529404503,260,260,0.55,1.132421443540301439583712946,26,26,0.07931900686174419453796387607,-0.0659262978033315978681167169,164,0.5853658536585365853658536585,28,28,96,0.4895833333333333333333333333,-2,-2,run_4f0cd168facd499a9dd095621db8f1ad,ema_pullback:42762749f72a54fd9b396c86
w10-lb120,lab_width_x_untouched_2d_v1,10,120,04f80388f867e247ea84d67cacce59dade652531311bf9b4f7ce62a529404503,257,257,0.5486381322957198443579766537,1.125283539182279681473818093,25,25,0.07434385875558215973110694316,-0.0711008968106508968641504317,162,0.5864197530864197530864197531,28,28,95,0.4842105263157894736842105263,-3,-3,run_a53473f2801248da98cc55fdf99c3620,ema_pullback:1a3c60b8f8044809fcb926be
w10-lb125,lab_width_x_untouched_2d_v1,10,125,04f80388f867e247ea84d67cacce59dade652531311bf9b4f7ce62a529404503,251,251,0.5537848605577689243027888446,1.153972463738774245905945623,27,27,0.08953237182987143337972644941,-0.0716804645866696968819592046,160,0.5875,28,28,91,0.4945054945054945054945054945,-1,-1,run_04293e2f84fd4a4d92a5838258dabe67,ema_pullback:a9045b437ec579d29c59c8f6
w10-lb130,lab_width_x_untouched_2d_v1,10,130,04f80388f867e247ea84d67cacce59dade652531311bf9b4f7ce62a529404503,247,247,0.5546558704453441295546558704,1.152031824509615824157350960,27,27,0.0871939597251206906184844461,-0.0705187051246636661872203676,159,0.5911949685534591194968553459,29,29,88,0.4886363636363636363636363636,-2,-2,run_1433b6741ab545299f7f8099fe5a989e,ema_pullback:bacd653991390e9958e55781
w10-lb135,lab_width_x_untouched_2d_v1,10,135,04f80388f867e247ea84d67cacce59dade652531311bf9b4f7ce62a529404503,246,246,0.5528455284552845528455284553,1.148959760829918255750548076,26,26,0.08541651582559074956511359014,-0.0705187051246636661872203676,158,0.5886075949367088607594936709,28,28,88,0.4886363636363636363636363636,-2,-2,run_efe78daba97041e995f5bbcab7d7bd02,ema_pullback:1d6ce1d2e9ee767b48457a37
w10-lb140,lab_width_x_untouched_2d_v1,10,140,04f80388f867e247ea84d67cacce59dade652531311bf9b4f7ce62a529404503,239,239,0.5481171548117154811715481172,1.120088436536154264350668881,23,23,0.06782423627125295285931943271,-0.0718716625195106340301832592,153,0.5816993464052287581699346405,25,25,86,0.4883720930232558139534883721,-2,-2,run_cdb1a594877041e58b27e26cc80e284d,ema_pullback:0d11427bb09f3fafa208afa5
w11-lb060,lab_width_x_untouched_2d_v1,11,60,04f80388f867e247ea84d67cacce59dade652531311bf9b4f7ce62a529404503,224,224,0.5491071428571428571428571429,1.138996440969339395148052967,22,22,0.06345155759972661044660445064,-0.0439666245028258852630360207,151,0.6026490066225165562913907285,31,31,73,0.4383561643835616438356164384,-9,-9,run_109ee6acc70c4f3795c0592006fbd5ce,ema_pullback:c479126b7a29333c8e9b501c
w11-lb065,lab_width_x_untouched_2d_v1,11,65,04f80388f867e247ea84d67cacce59dade652531311bf9b4f7ce62a529404503,221,221,0.5429864253393665158371040724,1.107130793749921675182936668,19,19,0.04849831725925743384954230888,-0.0466234686611361655330237628,149,0.5973154362416107382550335570,29,29,72,0.4305555555555555555555555556,-10,-10,run_817e3f015dda477cb8a79fb8f6c5e176,ema_pullback:370350ef800c349c80e2d255
w11-lb070,lab_width_x_untouched_2d_v1,11,70,04f80388f867e247ea84d67cacce59dade652531311bf9b4f7ce62a529404503,219,219,0.5433789954337899543378995434,1.110738466039563308536677694,19,19,0.04986965054072753355688877528,-0.0440789549324009795838986648,147,0.5986394557823129251700680272,29,29,72,0.4305555555555555555555555556,-10,-10,run_b0b9baa0c7a04363b9f81d04a20afa60,ema_pullback:0c93c718a68488a916ed689f
w11-lb075,lab_width_x_untouched_2d_v1,11,75,04f80388f867e247ea84d67cacce59dade652531311bf9b4f7ce62a529404503,213,213,0.5492957746478873239436619718,1.121143483230248436426729433,21,21,0.05325462605784718305500865714,-0.0487060191577429683866881358,141,0.6099290780141843971631205674,31,31,72,0.4305555555555555555555555556,-10,-10,run_2f82e0e1ee454f68ae66ddb997bb017c,ema_pullback:538560773d0026b9917eec12
w11-lb080,lab_width_x_untouched_2d_v1,11,80,04f80388f867e247ea84d67cacce59dade652531311bf9b4f7ce62a529404503,209,209,0.5502392344497607655502392344,1.124504389941634278187375840,21,21,0.05422338775420241264446148352,-0.0495094896595093886911741032,139,0.6115107913669064748201438849,31,31,70,0.4285714285714285714285714286,-10,-10,run_154de6204e5a4630878a9c59c0db9524,ema_pullback:63a2b31ed3d46a48b09851bd
w11-lb085,lab_width_x_untouched_2d_v1,11,85,04f80388f867e247ea84d67cacce59dade652531311bf9b4f7ce62a529404503,209,209,0.5502392344497607655502392344,1.124504389941634278187375840,21,21,0.05422338775420241264446148352,-0.0495094896595093886911741032,139,0.6115107913669064748201438849,31,31,70,0.4285714285714285714285714286,-10,-10,run_8c3f96f9f1ae4dadbc5b30141219809e,ema_pullback:cf76acd5182a224dad71f8ec
w11-lb090,lab_width_x_untouched_2d_v1,11,90,04f80388f867e247ea84d67cacce59dade652531311bf9b4f7ce62a529404503,208,208,0.5480769230769230769230769231,1.119661155350712174966805892,20,20,0.05202386986499296479632178593,-0.0495094896595093886911741074,138,0.6086956521739130434782608696,30,30,70,0.4285714285714285714285714286,-10,-10,run_81f9d05b52c446f8b5754781366b4538,ema_pullback:ad97aaf08d5312af91a277ca
w11-lb095,lab_width_x_untouched_2d_v1,11,95,04f80388f867e247ea84d67cacce59dade652531311bf9b4f7ce62a529404503,206,206,0.5436893203883495145631067961,1.114303512636749321498714957,18,18,0.04959427521741216997084569926,-0.0495094896595093886911741021,137,0.6058394160583941605839416058,29,29,69,0.4202898550724637681159420290,-11,-11,run_1740db0818bd49cda5f81f9ff1620476,ema_pullback:4b064148ee37e006c878c74b
w11-lb100,lab_width_x_untouched_2d_v1,11,100,04f80388f867e247ea84d67cacce59dade652531311bf9b4f7ce62a529404503,203,203,0.5418719211822660098522167488,1.111394130233137791614995041,17,17,0.04824381118149279657811395273,-0.0495094896595093886911741041,134,0.6044776119402985074626865672,28,28,69,0.4202898550724637681159420290,-11,-11,run_3a9072efee3e435788fa5d3fe3958aa6,ema_pullback:9a7c4297c69a28d887db09cd
w11-lb105,lab_width_x_untouched_2d_v1,11,105,04f80388f867e247ea84d67cacce59dade652531311bf9b4f7ce62a529404503,202,202,0.5445544554455445544554455446,1.125823188866548701734576798,18,18,0.05395923860691147871610670224,-0.0443270507340868524324120246,133,0.6090225563909774436090225564,29,29,69,0.4202898550724637681159420290,-11,-11,run_2e57d1649e984fae8708ceaffd3ea2ca,ema_pullback:074c3b5d2104da1ecee5d32d
w11-lb110,lab_width_x_untouched_2d_v1,11,110,04f80388f867e247ea84d67cacce59dade652531311bf9b4f7ce62a529404503,200,200,0.54,1.110170311546805899566964392,16,16,0.04702513837261196401916421665,-0.0481225789803521128007752188,131,0.6030534351145038167938931298,27,27,69,0.4202898550724637681159420290,-11,-11,run_10fbc7f194564a19a5e603d60a8e9a34,ema_pullback:55b064a7f85cf77d3083e12e
w11-lb115,lab_width_x_untouched_2d_v1,11,115,04f80388f867e247ea84d67cacce59dade652531311bf9b4f7ce62a529404503,197,197,0.5380710659898477157360406091,1.105871778471215692266255208,15,15,0.04459137909822968295628696911,-0.0473062885838379346539583007,128,0.6015625,26,26,69,0.4202898550724637681159420290,-11,-11,run_0b2044636fcb41aa9e464b1d2b1c0346,ema_pullback:fd67dacebe184a543fb10809
w11-lb120,lab_width_x_untouched_2d_v1,11,120,04f80388f867e247ea84d67cacce59dade652531311bf9b4f7ce62a529404503,197,197,0.5380710659898477157360406091,1.105871778471215692266255208,15,15,0.04459137909822968295628696911,-0.0473062885838379346539583007,128,0.6015625,26,26,69,0.4202898550724637681159420290,-11,-11,run_8ce35aefb13d41b5af6b63f8b0284460,ema_pullback:898f3ef77c6cb99a14925b9c
w11-lb125,lab_width_x_untouched_2d_v1,11,125,04f80388f867e247ea84d67cacce59dade652531311bf9b4f7ce62a529404503,193,193,0.5492227979274611398963730570,1.157749634204474226068332391,19,19,0.06428643968101832719056235495,-0.0385573619542920638985885125,127,0.6062992125984251968503937008,27,27,66,0.4393939393939393939393939394,-8,-8,run_570f724856304f5895cbaf51bef61b10,ema_pullback:66b4087cfa04246ea85f07a4
w11-lb130,lab_width_x_untouched_2d_v1,11,130,04f80388f867e247ea84d67cacce59dade652531311bf9b4f7ce62a529404503,191,191,0.5549738219895287958115183246,1.176602547145215522064286500,21,21,0.07107747488927137491365722806,-0.0377208041689188466575784424,126,0.6111111111111111111111111111,28,28,65,0.4461538461538461538461538462,-7,-7,run_108c5f405f284a9ba6349df19ff71ee2,ema_pullback:4d3f662ae2a82ac3dc460c79
w11-lb135,lab_width_x_untouched_2d_v1,11,135,04f80388f867e247ea84d67cacce59dade652531311bf9b4f7ce62a529404503,191,191,0.5549738219895287958115183246,1.176602547145215522064286500,21,21,0.07107747488927137491365722806,-0.0377208041689188466575784424,126,0.6111111111111111111111111111,28,28,65,0.4461538461538461538461538462,-7,-7,run_c2d23e32d0e74e2f9e50b21384acf38d,ema_pullback:44bb3be4c2c74f3c88e82fd7
w11-lb140,lab_width_x_untouched_2d_v1,11,140,04f80388f867e247ea84d67cacce59dade652531311bf9b4f7ce62a529404503,186,186,0.5537634408602150537634408602,1.166507906674551095741045701,20,20,0.06665019836056948947341326839,-0.0394002128293952731657855463,123,0.6097560975609756097560975610,27,27,63,0.4444444444444444444444444444,-7,-7,run_af264f956e444a3b80b2aedeadb67ab0,ema_pullback:19f4cf7c9d9a955dbe32f04b
w12-lb060,lab_width_x_untouched_2d_v1,12,60,04f80388f867e247ea84d67cacce59dade652531311bf9b4f7ce62a529404503,159,159,0.5283018867924528301886792453,1.107870238669084414359379420,9,9,0.03134683873497748930223473454,-0.0314398756543207417988036635,102,0.5882352941176470588235294118,18,18,57,0.4210526315789473684210526316,-9,-9,run_7d582b2488ee402c9194caff8329090c,ema_pullback:9e2f6de1f920e6ddbd33dd5b
w12-lb065,lab_width_x_untouched_2d_v1,12,65,04f80388f867e247ea84d67cacce59dade652531311bf9b4f7ce62a529404503,158,158,0.5253164556962025316455696203,1.098211864460030390632225256,8,8,0.02848069630322417545786100668,-0.0341315320068009831317534388,101,0.5841584158415841584158415842,17,17,57,0.4210526315789473684210526316,-9,-9,run_75c69bfe21bb4360badf8c0b3aae3a8a,ema_pullback:44e6b137f629bcffd9e0c487
w12-lb070,lab_width_x_untouched_2d_v1,12,70,04f80388f867e247ea84d67cacce59dade652531311bf9b4f7ce62a529404503,156,156,0.5256410256410256410256410256,1.103730141351104923945259669,8,8,0.02982584849371778475633765839,-0.0341315320068009831317534388,99,0.5858585858585858585858585859,17,17,57,0.4210526315789473684210526316,-9,-9,run_f08dedb8565943da90d4647078ab1fb3,ema_pullback:4b464fbb379fa2eba40609f7
w12-lb075,lab_width_x_untouched_2d_v1,12,75,04f80388f867e247ea84d67cacce59dade652531311bf9b4f7ce62a529404503,152,152,0.5263157894736842105263157895,1.104029661028284138532938994,8,8,0.02918876335487987698749974212,-0.0377328356197831567769923838,95,0.5894736842105263157894736842,17,17,57,0.4210526315789473684210526316,-9,-9,run_9dc7e71d9e1d4e15ba1c74153830f7a4,ema_pullback:c5b8f2487aae2fa8c2e757e5
w12-lb080,lab_width_x_untouched_2d_v1,12,80,04f80388f867e247ea84d67cacce59dade652531311bf9b4f7ce62a529404503,148,148,0.5270270270270270270270270270,1.109041103003566713076085335,8,8,0.0301353897713136318294049391,-0.0377328356197831567769923894,93,0.5913978494623655913978494624,17,17,55,0.4181818181818181818181818182,-9,-9,run_9819b00fc0eb48628d8fdeeb473f49d1,ema_pullback:c4db10fe5519ef88fb8fb11b
w12-lb085,lab_width_x_untouched_2d_v1,12,85,04f80388f867e247ea84d67cacce59dade652531311bf9b4f7ce62a529404503,148,148,0.5270270270270270270270270270,1.109041103003566713076085335,8,8,0.0301353897713136318294049391,-0.0377328356197831567769923894,93,0.5913978494623655913978494624,17,17,55,0.4181818181818181818181818182,-9,-9,run_7d56904cae4546e98e5e7e939a3bad72,ema_pullback:5721ffdbcba8b9e9364cd43d
w12-lb090,lab_width_x_untouched_2d_v1,12,90,04f80388f867e247ea84d67cacce59dade652531311bf9b4f7ce62a529404503,148,148,0.5270270270270270270270270270,1.109041103003566713076085335,8,8,0.0301353897713136318294049391,-0.0377328356197831567769923894,93,0.5913978494623655913978494624,17,17,55,0.4181818181818181818181818182,-9,-9,run_f8f2df1f0349418287df1fed51fda0f2,ema_pullback:a19f7d3e0caa66357415c736
w12-lb095,lab_width_x_untouched_2d_v1,12,95,04f80388f867e247ea84d67cacce59dade652531311bf9b4f7ce62a529404503,146,146,0.5205479452054794520547945205,1.100646036636127282436841409,6,6,0.0277563454349972636652168044,-0.0377328356197831567769923848,92,0.5869565217391304347826086957,16,16,54,0.4074074074074074074074074074,-10,-10,run_27f8e9cf846a4b198d87803866cda743,ema_pullback:92a4d9e5cf9c089b224ffa0e
w12-lb100,lab_width_x_untouched_2d_v1,12,100,04f80388f867e247ea84d67cacce59dade652531311bf9b4f7ce62a529404503,144,144,0.5208333333333333333333333333,1.098709385482870871322198292,6,6,0.02712961062395192510007585298,-0.0377328356197831567769923880,90,0.5888888888888888888888888889,16,16,54,0.4074074074074074074074074074,-10,-10,run_6e3419739d0943f2843b846f3fb505cc,ema_pullback:922180652882ad915da93fef
w12-lb105,lab_width_x_untouched_2d_v1,12,105,04f80388f867e247ea84d67cacce59dade652531311bf9b4f7ce62a529404503,144,144,0.5208333333333333333333333333,1.098709385482870871322198292,6,6,0.02712961062395192510007585298,-0.0377328356197831567769923880,90,0.5888888888888888888888888889,16,16,54,0.4074074074074074074074074074,-10,-10,run_0e55931dd5304945a89b562cafb8f9f6,ema_pullback:e6bbeed095f428234686e3b5
w12-lb110,lab_width_x_untouched_2d_v1,12,110,04f80388f867e247ea84d67cacce59dade652531311bf9b4f7ce62a529404503,143,143,0.5174825174825174825174825175,1.084072516752327623795886448,5,5,0.02305028677922740297568112974,-0.0415545532959653299297838960,89,0.5842696629213483146067415730,15,15,54,0.4074074074074074074074074074,-10,-10,run_587d172146f34f3c873b4b298f5563fb,ema_pullback:cdaa5eb8b2b51a0008a24fa7
w12-lb115,lab_width_x_untouched_2d_v1,12,115,04f80388f867e247ea84d67cacce59dade652531311bf9b4f7ce62a529404503,141,141,0.5177304964539007092198581560,1.091993705761925247770780419,5,5,0.02481853844521310378735300683,-0.0398979653649592094632382155,87,0.5862068965517241379310344828,15,15,54,0.4074074074074074074074074074,-10,-10,run_8befdd8aa16c4d8688c03e79ea720bfb,ema_pullback:1f35b3433648c794c3d59366
w12-lb120,lab_width_x_untouched_2d_v1,12,120,04f80388f867e247ea84d67cacce59dade652531311bf9b4f7ce62a529404503,141,141,0.5177304964539007092198581560,1.091993705761925247770780419,5,5,0.02481853844521310378735300683,-0.0398979653649592094632382155,87,0.5862068965517241379310344828,15,15,54,0.4074074074074074074074074074,-10,-10,run_c42958e076e342d2ad937cb122202db6,ema_pullback:60da47e4a9ae1596f289c43f
w12-lb125,lab_width_x_untouched_2d_v1,12,125,04f80388f867e247ea84d67cacce59dade652531311bf9b4f7ce62a529404503,139,139,0.5251798561151079136690647482,1.130645662432989939472960390,7,7,0.03422981312249391995489762668,-0.0330570085946937242516393037,87,0.5862068965517241379310344828,15,15,52,0.4230769230769230769230769231,-8,-8,run_9bac4eb8b192452996ed3357c1df55fa,ema_pullback:e07f71f2659e612fcd1c6021
w12-lb130,lab_width_x_untouched_2d_v1,12,130,04f80388f867e247ea84d67cacce59dade652531311bf9b4f7ce62a529404503,138,138,0.5289855072463768115942028986,1.136209173876583380592940703,8,8,0.03552411559642474353383002746,-0.0330570085946937242516393037,87,0.5862068965517241379310344828,15,15,51,0.4313725490196078431372549020,-7,-7,run_3083992014fc47ad91826226f992eb3e,ema_pullback:0f7e04629d21d7c48f91018b
w12-lb135,lab_width_x_untouched_2d_v1,12,135,04f80388f867e247ea84d67cacce59dade652531311bf9b4f7ce62a529404503,138,138,0.5289855072463768115942028986,1.136209173876583380592940703,8,8,0.03552411559642474353383002746,-0.0330570085946937242516393037,87,0.5862068965517241379310344828,15,15,51,0.4313725490196078431372549020,-7,-7,run_346bc7feae9545358c5de85cc639b743,ema_pullback:1bb0a3784b1ff02ea48346d4
w12-lb140,lab_width_x_untouched_2d_v1,12,140,04f80388f867e247ea84d67cacce59dade652531311bf9b4f7ce62a529404503,135,135,0.5333333333333333333333333333,1.133629002444029085226096470,9,9,0.03466718722347722156820229418,-0.0330570085946937242516393031,85,0.5882352941176470588235294118,15,15,50,0.44,-6,-6,run_a4d6cc549ed44e8bbc372e4bc705967c,ema_pullback:0626bb34e7de770030535eb4
w13-lb060,lab_width_x_untouched_2d_v1,13,60,04f80388f867e247ea84d67cacce59dade652531311bf9b4f7ce62a529404503,123,123,0.5203252032520325203252032520,1.165525555520798594441481870,5,5,0.03269637614401817655307689798,-0.0193099414336600451936686910,77,0.5714285714285714285714285714,11,11,46,0.4347826086956521739130434783,-6,-6,run_43c6f5b21ee34597a5a3e923d45311f8,ema_pullback:a0d276b68696c2455fce117d
w13-lb065,lab_width_x_untouched_2d_v1,13,65,04f80388f867e247ea84d67cacce59dade652531311bf9b4f7ce62a529404503,122,122,0.5163934426229508196721311475,1.151298801029746324813300879,4,4,0.02982648330911626307140177468,-0.0193099414336600451936686886,76,0.5657894736842105263157894737,10,10,46,0.4347826086956521739130434783,-6,-6,run_4da10662bdbc4091afadd10f671e9c5e,ema_pullback:15698be15b66f887326c7d5c
w13-lb070,lab_width_x_untouched_2d_v1,13,70,04f80388f867e247ea84d67cacce59dade652531311bf9b4f7ce62a529404503,121,121,0.5123966942148760330578512397,1.144218030851597556341690204,3,3,0.02842857182967057894774872475,-0.0193099414336600451936686886,75,0.56,9,9,46,0.4347826086956521739130434783,-6,-6,run_d7d195859154433bb8bea4caade0f8c5,ema_pullback:f0d70344992f76d5109b2cf9
w13-lb075,lab_width_x_untouched_2d_v1,13,75,04f80388f867e247ea84d67cacce59dade652531311bf9b4f7ce62a529404503,119,119,0.5126050420168067226890756303,1.136981607902733997511516448,3,3,0.0266739336058365423773290469,-0.0193099414336600451936686892,73,0.5616438356164383561643835616,9,9,46,0.4347826086956521739130434783,-6,-6,run_00e81c9ffdf74c8db12d6b5518db78dc,ema_pullback:9929aeec6ffe8faf4407a99c
w13-lb080,lab_width_x_untouched_2d_v1,13,80,04f80388f867e247ea84d67cacce59dade652531311bf9b4f7ce62a529404503,115,115,0.5130434782608695652173913043,1.145099601380763769034624356,3,3,0.02761824693417796539260579736,-0.0193099414336600451936686888,71,0.5633802816901408450704225352,9,9,44,0.4318181818181818181818181818,-6,-6,run_dcfdb91eb85f4c4d9803345498c3bb8f,ema_pullback:8cb79b99c48de7e6656ae0b3
w13-lb085,lab_width_x_untouched_2d_v1,13,85,04f80388f867e247ea84d67cacce59dade652531311bf9b4f7ce62a529404503,115,115,0.5130434782608695652173913043,1.145099601380763769034624356,3,3,0.02761824693417796539260579736,-0.0193099414336600451936686888,71,0.5633802816901408450704225352,9,9,44,0.4318181818181818181818181818,-6,-6,run_4bc736db7b6c443081bd08b8365ca5da,ema_pullback:612ba86dd156740fdfc1dfb5
w13-lb090,lab_width_x_untouched_2d_v1,13,90,04f80388f867e247ea84d67cacce59dade652531311bf9b4f7ce62a529404503,115,115,0.5130434782608695652173913043,1.145099601380763769034624356,3,3,0.02761824693417796539260579736,-0.0193099414336600451936686888,71,0.5633802816901408450704225352,9,9,44,0.4318181818181818181818181818,-6,-6,run_8ed7e5718a474b48b7e75d340284b9f3,ema_pullback:9f6806241b5f1c999fbec091
w13-lb095,lab_width_x_untouched_2d_v1,13,95,04f80388f867e247ea84d67cacce59dade652531311bf9b4f7ce62a529404503,114,114,0.5087719298245614035087719298,1.138930184714578893412006142,2,2,0.02641594879970132429178034279,-0.0193099414336600451936686878,70,0.5571428571428571428571428571,8,8,44,0.4318181818181818181818181818,-6,-6,run_2269b4f00a79474e9349ff44c05ad17d,ema_pullback:4338bded88c1c4695240c42e
w13-lb100,lab_width_x_untouched_2d_v1,13,100,04f80388f867e247ea84d67cacce59dade652531311bf9b4f7ce62a529404503,112,112,0.5089285714285714285714285714,1.136371325744615666457568434,2,2,0.02579003137425100479475835267,-0.0193099414336600451936686887,68,0.5588235294117647058823529412,8,8,44,0.4318181818181818181818181818,-6,-6,run_1a0e1f415fcd4b8f9f38413a7fcde9e8,ema_pullback:eb3f7aaac1768cc0e41bd41e
w13-lb105,lab_width_x_untouched_2d_v1,13,105,04f80388f867e247ea84d67cacce59dade652531311bf9b4f7ce62a529404503,112,112,0.5089285714285714285714285714,1.136371325744615666457568434,2,2,0.02579003137425100479475835267,-0.0193099414336600451936686887,68,0.5588235294117647058823529412,8,8,44,0.4318181818181818181818181818,-6,-6,run_55006d3b092f4402a44adebca3f07cb4,ema_pullback:94ae570fa01e276f8c363a71
w13-lb110,lab_width_x_untouched_2d_v1,13,110,04f80388f867e247ea84d67cacce59dade652531311bf9b4f7ce62a529404503,111,111,0.5045045045045045045045045045,1.115120298460033500876599911,1,1,0.02171602777102150059118006863,-0.0193099414336600451936686893,67,0.5522388059701492537313432836,7,7,44,0.4318181818181818181818181818,-6,-6,run_ebbabe708a2e46e58895acbf33a03fcb,ema_pullback:e2cb72c2b915cb2064b44b36
w13-lb115,lab_width_x_untouched_2d_v1,13,115,04f80388f867e247ea84d67cacce59dade652531311bf9b4f7ce62a529404503,110,110,0.5,1.098503664723802008926081623,0,0,0.0185613240968311522631328578,-0.0193099414336600451936686893,66,0.5454545454545454545454545455,6,6,44,0.4318181818181818181818181818,-6,-6,run_525872c5d99145cfa58d6f597c485374,ema_pullback:999d0063812ebb1992787a7e
w13-lb120,lab_width_x_untouched_2d_v1,13,120,04f80388f867e247ea84d67cacce59dade652531311bf9b4f7ce62a529404503,110,110,0.5,1.098503664723802008926081623,0,0,0.0185613240968311522631328578,-0.0193099414336600451936686893,66,0.5454545454545454545454545455,6,6,44,0.4318181818181818181818181818,-6,-6,run_7f4205b9bbe848c1ba8cf346bbe284e5,ema_pullback:95b575ffc95bbea1a6057c01
w13-lb125,lab_width_x_untouched_2d_v1,13,125,04f80388f867e247ea84d67cacce59dade652531311bf9b4f7ce62a529404503,109,109,0.5045871559633027522935779817,1.126017782097132821424808521,1,1,0.02323666668883406702358700317,-0.0193099414336600451936686884,66,0.5454545454545454545454545455,6,6,43,0.4418604651162790697674418605,-5,-5,run_2b256c285f8f4bc3a89a5a32506cf58d,ema_pullback:2369e3730cb6ac6ef7168ae7
w13-lb130,lab_width_x_untouched_2d_v1,13,130,04f80388f867e247ea84d67cacce59dade652531311bf9b4f7ce62a529404503,109,109,0.5045871559633027522935779817,1.126017782097132821424808521,1,1,0.02323666668883406702358700317,-0.0193099414336600451936686884,66,0.5454545454545454545454545455,6,6,43,0.4418604651162790697674418605,-5,-5,run_e6bc44dea75945b79c973d7a906a805d,ema_pullback:edea57a836c8e24467da5735
w13-lb135,lab_width_x_untouched_2d_v1,13,135,04f80388f867e247ea84d67cacce59dade652531311bf9b4f7ce62a529404503,109,109,0.5045871559633027522935779817,1.126017782097132821424808521,1,1,0.02323666668883406702358700317,-0.0193099414336600451936686884,66,0.5454545454545454545454545455,6,6,43,0.4418604651162790697674418605,-5,-5,run_cf84394a2ef14fbea55eda6e8cd602f3,ema_pullback:a95ec5741c34326f9b77121f
w13-lb140,lab_width_x_untouched_2d_v1,13,140,04f80388f867e247ea84d67cacce59dade652531311bf9b4f7ce62a529404503,106,106,0.5094339622641509433962264151,1.122377715170739409536514747,2,2,0.02238990656155216424181812774,-0.0193099414336600451936686889,64,0.546875,6,6,42,0.4523809523809523809523809524,-4,-4,run_baa32738fb354d318879e7acc895fb1d,ema_pullback:1a6f5e13e1864ea960502b9b
w14-lb060,lab_width_x_untouched_2d_v1,14,60,04f80388f867e247ea84d67cacce59dade652531311bf9b4f7ce62a529404503,93,93,0.5591397849462365591397849462,1.296130840446408288096942399,11,11,0.04171450718907414069836820433,-0.0201298671270316195118241562,59,0.6271186440677966101694915254,15,15,34,0.4411764705882352941176470588,-4,-4,run_1ae71cd4ed754aefb09043482f2c94f2,ema_pullback:1acd8fc3c94a15878527abbf
w14-lb065,lab_width_x_untouched_2d_v1,14,65,04f80388f867e247ea84d67cacce59dade652531311bf9b4f7ce62a529404503,92,92,0.5543478260869565217391304348,1.276118049620930394219898600,10,10,0.03881955270946398309264642225,-0.0201298671270316195118241562,58,0.6206896551724137931034482759,14,14,34,0.4411764705882352941176470588,-4,-4,run_dc91f3ee4be7415bbac3b802dad80953,ema_pullback:296e8677e7b9a13bd40cb4ee
w14-lb070,lab_width_x_untouched_2d_v1,14,70,04f80388f867e247ea84d67cacce59dade652531311bf9b4f7ce62a529404503,91,91,0.5494505494505494505494505495,1.266111020206429695202697223,9,9,0.03740943381920303031227265778,-0.0201298671270316195118241562,57,0.6140350877192982456140350877,13,13,34,0.4411764705882352941176470588,-4,-4,run_3bbaf7b472e8455dafd0cdd3a2945277,ema_pullback:5341eb3676bfa3ca3e33d1c3
w14-lb075,lab_width_x_untouched_2d_v1,14,75,04f80388f867e247ea84d67cacce59dade652531311bf9b4f7ce62a529404503,89,89,0.5505617977528089887640449438,1.257745322242902104202988157,9,9,0.03563947303028138966463306843,-0.0201298671270316195118241562,55,0.6181818181818181818181818182,13,13,34,0.4411764705882352941176470588,-4,-4,run_1c1e0a3d91c4475e8344a9ddf1523f9e,ema_pullback:ba70db319038da3d3d9be398
w14-lb080,lab_width_x_untouched_2d_v1,14,80,04f80388f867e247ea84d67cacce59dade652531311bf9b4f7ce62a529404503,86,86,0.5465116279069767441860465116,1.250671459023800163307381902,8,8,0.03414085271116443401876212913,-0.0179057849814154592759714474,54,0.6111111111111111111111111111,12,12,32,0.4375,-4,-4,run_3a7195b50299462daef2ef43472a51f4,ema_pullback:8fb45011ba541ea85bff8745
w14-lb085,lab_width_x_untouched_2d_v1,14,85,04f80388f867e247ea84d67cacce59dade652531311bf9b4f7ce62a529404503,86,86,0.5465116279069767441860465116,1.250671459023800163307381902,8,8,0.03414085271116443401876212913,-0.0179057849814154592759714474,54,0.6111111111111111111111111111,12,12,32,0.4375,-4,-4,run_dbad91a55632442e8b5de7791ff27a49,ema_pullback:877cd8b4b2b14ae82c454f33
w14-lb090,lab_width_x_untouched_2d_v1,14,90,04f80388f867e247ea84d67cacce59dade652531311bf9b4f7ce62a529404503,86,86,0.5465116279069767441860465116,1.250671459023800163307381902,8,8,0.03414085271116443401876212913,-0.0179057849814154592759714474,54,0.6111111111111111111111111111,12,12,32,0.4375,-4,-4,run_e1054a24160543968122721a37d63a1f,ema_pullback:e3415a7757e64dfcb240c9a5
w14-lb095,lab_width_x_untouched_2d_v1,14,95,04f80388f867e247ea84d67cacce59dade652531311bf9b4f7ce62a529404503,85,85,0.5411764705882352941176470588,1.242033559925438847062103661,7,7,0.03293092322449937687816376676,-0.0179057849814154592759714474,53,0.6037735849056603773584905660,11,11,32,0.4375,-4,-4,run_5f853156aaf844bdace00f1aec14400b,ema_pullback:697b4975d196f7abe13ac1f1
w14-lb100,lab_width_x_untouched_2d_v1,14,100,04f80388f867e247ea84d67cacce59dade652531311bf9b4f7ce62a529404503,84,84,0.5357142857142857142857142857,1.228352410798317490636181326,6,6,0.0310642697041401027277786493,-0.0179057849814154592759714474,52,0.5961538461538461538461538462,10,10,32,0.4375,-4,-4,run_ce4c04464f304354bca32241deaf38ac,ema_pullback:33933316e2ac9d4d130496de
w14-lb105,lab_width_x_untouched_2d_v1,14,105,04f80388f867e247ea84d67cacce59dade652531311bf9b4f7ce62a529404503,84,84,0.5357142857142857142857142857,1.228352410798317490636181326,6,6,0.0310642697041401027277786493,-0.0179057849814154592759714474,52,0.5961538461538461538461538462,10,10,32,0.4375,-4,-4,run_21fca052f5ed48459910fa8a5cfd48a9,ema_pullback:5ff2cc3cbf67509e5b676572
w14-lb110,lab_width_x_untouched_2d_v1,14,110,04f80388f867e247ea84d67cacce59dade652531311bf9b4f7ce62a529404503,84,84,0.5357142857142857142857142857,1.228352410798317490636181326,6,6,0.0310642697041401027277786493,-0.0179057849814154592759714474,52,0.5961538461538461538461538462,10,10,32,0.4375,-4,-4,run_8034bca9c8d042779477594978ef9252,ema_pullback:7a0548179a3c186cfab3b3be
w14-lb115,lab_width_x_untouched_2d_v1,14,115,04f80388f867e247ea84d67cacce59dade652531311bf9b4f7ce62a529404503,84,84,0.5357142857142857142857142857,1.228352410798317490636181326,6,6,0.0310642697041401027277786493,-0.0179057849814154592759714474,52,0.5961538461538461538461538462,10,10,32,0.4375,-4,-4,run_f4bce67e72a3432bbb7563bbc0d265f0,ema_pullback:ce022195a91162bc2ec7eaee
w14-lb120,lab_width_x_untouched_2d_v1,14,120,04f80388f867e247ea84d67cacce59dade652531311bf9b4f7ce62a529404503,84,84,0.5357142857142857142857142857,1.228352410798317490636181326,6,6,0.0310642697041401027277786493,-0.0179057849814154592759714474,52,0.5961538461538461538461538462,10,10,32,0.4375,-4,-4,run_1c64f544d7004eceb36e27f5c908dd4a,ema_pullback:bbf1e798d203280e607afcb8
w14-lb125,lab_width_x_untouched_2d_v1,14,125,04f80388f867e247ea84d67cacce59dade652531311bf9b4f7ce62a529404503,83,83,0.5421686746987951807228915663,1.271578748154268615418682393,7,7,0.03579700261004991988253305653,-0.0179057849814154592759714474,52,0.5961538461538461538461538462,10,10,31,0.4516129032258064516129032258,-3,-3,run_0b7b17204bf24708a0b22ffe4454063b,ema_pullback:999cd82ace843b196fa9d341
w14-lb130,lab_width_x_untouched_2d_v1,14,130,04f80388f867e247ea84d67cacce59dade652531311bf9b4f7ce62a529404503,83,83,0.5421686746987951807228915663,1.271578748154268615418682393,7,7,0.03579700261004991988253305653,-0.0179057849814154592759714474,52,0.5961538461538461538461538462,10,10,31,0.4516129032258064516129032258,-3,-3,run_d0614f0a1ad84e4daf9c297c29dab727,ema_pullback:3c9e6c0a37a1dc2de5d6a3c4
w14-lb135,lab_width_x_untouched_2d_v1,14,135,04f80388f867e247ea84d67cacce59dade652531311bf9b4f7ce62a529404503,83,83,0.5421686746987951807228915663,1.271578748154268615418682393,7,7,0.03579700261004991988253305653,-0.0179057849814154592759714474,52,0.5961538461538461538461538462,10,10,31,0.4516129032258064516129032258,-3,-3,run_f6d450a636494826a4771c8013867fa8,ema_pullback:218f92f94818e808eb0d96ed
w14-lb140,lab_width_x_untouched_2d_v1,14,140,04f80388f867e247ea84d67cacce59dade652531311bf9b4f7ce62a529404503,81,81,0.5432098765432098765432098765,1.257824048050395825241886233,7,7,0.0338424805263404307325807243,-0.0179098755780084614583872910,50,0.6,10,10,31,0.4516129032258064516129032258,-3,-3,run_1fa572885f15452498575d81d681d5ed,ema_pullback:e87480732afe760950efc890
