candidate_id,source_batch_id,min_current_width_atr,untouched_lookback,tp_sl_ratio,tp_atr_multiplier,sl_atr_multiplier,market_data_hash,realised_trade_count,r_eligible_trade_count,win_rate,profit_factor,cumulative_gross_r,cumulative_net_r,return_pct,max_drawdown_pct,long_trades,long_win_rate,long_cumulative_gross_r,long_cumulative_net_r,short_trades,short_win_rate,short_cumulative_gross_r,short_cumulative_net_r,run_id,instance_id
w07-lb070-r5_5,lab_3d_boundary_w07_10_r55_60,7,70,5.5,16.5,3.0,ec8fc5e1e7be301430b04222e7fe6be38b8b85dcfbd37a7eefad40f8d2ab14fe,595,595,0.1865546218487394957983193277,1.156935951157613572689258903,126.5000000000000017423148563,126.5000000000000017423148563,0.4734427004392414252250533746,-0.2437273210476967044929373562,358,0.1759776536312849162011173184,51.50000000000000262601300720,51.50000000000000262601300720,237,0.2025316455696202531645569620,74.99999999999999911630184918,74.99999999999999911630184918,run_229fdeda47774dfbaa26265dc4e97e02,ema_pullback:0046d4ac37edfb1ea2a66869
w07-lb070-r6_0,lab_3d_boundary_w07_10_r55_60,7,70,6.0,18.0,3.0,ec8fc5e1e7be301430b04222e7fe6be38b8b85dcfbd37a7eefad40f8d2ab14fe,589,589,0.1782682512733446519524617997,1.216787282426346328132380883,145.9999999999999970691812850,145.9999999999999970691812850,0.7131177947343261622574387537,-0.2349304698967292186714444175,353,0.1699716713881019830028328612,66.99999999999999750838337814,66.99999999999999750838337814,236,0.1906779661016949152542372881,78.99999999999999956079790692,78.99999999999999956079790692,run_0c12cbbd24ac4e56aba19fbfc7da5e2f,ema_pullback:13942fe4831cfa71dde69086
w07-lb075-r5_5,lab_3d_boundary_w07_10_r55_60,7,75,5.5,16.5,3.0,ec8fc5e1e7be301430b04222e7fe6be38b8b85dcfbd37a7eefad40f8d2ab14fe,584,584,0.1883561643835616438356164384,1.173908752223345124084990437,131.0000000000000030288870838,131.0000000000000030288870838,0.5381487739323811593340717732,-0.2248206560550247904575796983,349,0.1805157593123209169054441261,60.50000000000000262601300716,60.50000000000000262601300716,235,0.2,70.50000000000000040287407663,70.50000000000000040287407663,run_3226bc7d5dde412f86126f90b27735b9,ema_pullback:4b10cb039b33cf3f9fa94bb9
w07-lb075-r6_0,lab_3d_boundary_w07_10_r55_60,7,75,6.0,18.0,3.0,ec8fc5e1e7be301430b04222e7fe6be38b8b85dcfbd37a7eefad40f8d2ab14fe,578,578,0.1799307958477508650519031142,1.232194390328823282039650978,149.9999999999999979268961035,149.9999999999999979268961035,0.784292648365464206678865295,-0.2187835103523173956822372619,344,0.1744186046511627906976744186,75.99999999999999750838337817,75.99999999999999750838337817,234,0.1880341880341880341880341880,74.00000000000000041851272519,74.00000000000000041851272519,run_3f407d7d83be4d69841be39d26a93206,ema_pullback:dbb1009d3c6c7c657540f91b
w07-lb080-r5_5,lab_3d_boundary_w07_10_r55_60,7,80,5.5,16.5,3.0,ec8fc5e1e7be301430b04222e7fe6be38b8b85dcfbd37a7eefad40f8d2ab14fe,574,574,0.1898954703832752613240418118,1.180325201085691043363852604,134.5000000000000031237293789,134.5000000000000031237293789,0.5537499429381381741875147344,-0.2248206560550247904575796980,340,0.1852941176470588235294117647,69.50000000000000262601300715,69.50000000000000262601300715,234,0.1965811965811965811965811966,65.00000000000000049771637182,65.00000000000000049771637182,run_eb57f4ea616b4655917484c8fcdb7487,ema_pullback:45b2142d9524d94e159ccb93
w07-lb080-r6_0,lab_3d_boundary_w07_10_r55_60,7,80,6.0,18.0,3.0,ec8fc5e1e7be301430b04222e7fe6be38b8b85dcfbd37a7eefad40f8d2ab14fe,568,568,0.1813380281690140845070422535,1.238408091167159921114677724,152.9999999999999981165806939,152.9999999999999981165806939,0.7977850650467886235627608123,-0.2187835103523173956822372606,335,0.1791044776119402985074626866,84.99999999999999750838337816,84.99999999999999750838337816,233,0.1845493562231759656652360515,68.00000000000000060819731559,68.00000000000000060819731559,run_9e9413e6f9004e75b12b30a115de103f,ema_pullback:9ed2bf91215a0a0db5c8aa30
w07-lb085-r5_5,lab_3d_boundary_w07_10_r55_60,7,85,5.5,16.5,3.0,ec8fc5e1e7be301430b04222e7fe6be38b8b85dcfbd37a7eefad40f8d2ab14fe,570,570,0.1912280701754385964912280702,1.187007895445629289424823312,138.5000000000000031237293788,138.5000000000000031237293788,0.5774039320336654273236930552,-0.2248206560550247904575796980,338,0.1863905325443786982248520710,71.50000000000000262601300712,71.50000000000000262601300712,232,0.1982758620689655172413793103,67.00000000000000049771637184,67.00000000000000049771637184,run_e4b85f143bfe4ea58b401850c9b4e231,ema_pullback:94af99403f3c29816877a29b
w07-lb085-r6_0,lab_3d_boundary_w07_10_r55_60,7,85,6.0,18.0,3.0,ec8fc5e1e7be301430b04222e7fe6be38b8b85dcfbd37a7eefad40f8d2ab14fe,564,564,0.1826241134751773049645390071,1.245185576089338995224898829,156.9999999999999981165806938,156.9999999999999981165806938,0.8251541977170715894866616794,-0.2187835103523173956822372606,333,0.1801801801801801801801801802,86.99999999999999750838337816,86.99999999999999750838337816,231,0.1861471861471861471861471861,70.00000000000000060819731560,70.00000000000000060819731560,run_b613504b8e274f5997131057c31de9b5,ema_pullback:d022d795d969de15223235aa
w07-lb090-r5_5,lab_3d_boundary_w07_10_r55_60,7,90,5.5,16.5,3.0,ec8fc5e1e7be301430b04222e7fe6be38b8b85dcfbd37a7eefad40f8d2ab14fe,559,559,0.1914132379248658318425760286,1.200166378843936561211571586,136.5000000000000028306909127,136.5000000000000028306909127,0.601031826935836313255213976,-0.2248206560550247904575796991,328,0.1859756097560975609756097561,68.50000000000000233297454094,68.50000000000000233297454094,231,0.1991341991341991341991341991,68.00000000000000049771637178,68.00000000000000049771637178,run_5cfdce6d9bf241b297a2380faec047dd,ema_pullback:d6a199cf99b9b5d53ab7d59c
w07-lb090-r6_0,lab_3d_boundary_w07_10_r55_60,7,90,6.0,18.0,3.0,ec8fc5e1e7be301430b04222e7fe6be38b8b85dcfbd37a7eefad40f8d2ab14fe,554,554,0.1823104693140794223826714801,1.256640337283692388799713476,152.9999999999999987861971699,152.9999999999999987861971699,0.838253209546014966318806087,-0.2187835103523173956822372641,324,0.1790123456790123456790123457,81.99999999999999817799985412,81.99999999999999817799985412,230,0.1869565217391304347826086957,71.00000000000000060819731559,71.00000000000000060819731559,run_588cc793ed0648d180e72565551858fc,ema_pullback:7d8a71eca207c2ddae1d7d6a
w07-lb095-r5_5,lab_3d_boundary_w07_10_r55_60,7,95,5.5,16.5,3.0,ec8fc5e1e7be301430b04222e7fe6be38b8b85dcfbd37a7eefad40f8d2ab14fe,549,549,0.1948998178506375227686703097,1.220468626603514847861401533,146.5000000000000028306909126,146.5000000000000028306909126,0.668252632578274088362474938,-0.2222277990363529968946048241,321,0.1900311526479750778816199377,75.50000000000000233297454092,75.50000000000000233297454092,228,0.2017543859649122807017543860,71.00000000000000049771637181,71.00000000000000049771637181,run_1bb0baddeb4649e48d740068ae87eef3,ema_pullback:0c6160e23770d0af2419ff7a
w07-lb095-r6_0,lab_3d_boundary_w07_10_r55_60,7,95,6.0,18.0,3.0,ec8fc5e1e7be301430b04222e7fe6be38b8b85dcfbd37a7eefad40f8d2ab14fe,544,544,0.1856617647058823529411764706,1.277515015190232315547544144,162.9999999999999987861971698,162.9999999999999987861971698,0.9154339748759426111937094794,-0.2161704599993800798690304932,317,0.1829652996845425867507886435,88.99999999999999817799985412,88.99999999999999817799985412,227,0.1894273127753303964757709251,74.00000000000000060819731557,74.00000000000000060819731557,run_a5bcc35fe13f48feb203ee2c78f08d55,ema_pullback:d024a3dcfb24b39e658bd8a6
w07-lb100-r5_5,lab_3d_boundary_w07_10_r55_60,7,100,5.5,16.5,3.0,ec8fc5e1e7be301430b04222e7fe6be38b8b85dcfbd37a7eefad40f8d2ab14fe,543,543,0.1952117863720073664825046041,1.226520671066275918932944128,146.0000000000000034209080943,146.0000000000000034209080943,0.6875816340646481456660067518,-0.2222277990363529968946048238,316,0.1898734177215189873417721519,74.00000000000000292319172268,74.00000000000000292319172268,227,0.2026431718061674008810572687,72.00000000000000049771637182,72.00000000000000049771637182,run_5c9580f149bc41ea9e1fe853022d0ccb,ema_pullback:38adf2d1533b140b29d07b18
w07-lb100-r6_0,lab_3d_boundary_w07_10_r55_60,7,100,6.0,18.0,3.0,ec8fc5e1e7be301430b04222e7fe6be38b8b85dcfbd37a7eefad40f8d2ab14fe,538,538,0.1858736059479553903345724907,1.283590741280529892112705797,162.0000000000000002617401242,162.0000000000000002617401242,0.9369729902702230094643727862,-0.2161704599993800798690304952,312,0.1826923076923076923076923077,86.99999999999999965354280849,86.99999999999999965354280849,226,0.1902654867256637168141592920,75.00000000000000060819731556,75.00000000000000060819731556,run_b897e227546f45a3a1ef2f4d08985039,ema_pullback:fc15a64d990a75e3399cfbc9
w07-lb105-r5_5,lab_3d_boundary_w07_10_r55_60,7,105,5.5,16.5,3.0,ec8fc5e1e7be301430b04222e7fe6be38b8b85dcfbd37a7eefad40f8d2ab14fe,537,537,0.1973929236499068901303538175,1.246806208269043826814461903,152.0000000000000034209080943,152.0000000000000034209080943,0.7514312682461296287598908152,-0.2222277990363529968946048238,313,0.1916932907348242811501597444,77.00000000000000292319172268,77.00000000000000292319172268,224,0.2053571428571428571428571429,75.00000000000000049771637180,75.00000000000000049771637180,run_d122b6bc5efa419fac157775ddb897f6,ema_pullback:8f2d57abcd6cf13b3092bbec
w07-lb105-r6_0,lab_3d_boundary_w07_10_r55_60,7,105,6.0,18.0,3.0,ec8fc5e1e7be301430b04222e7fe6be38b8b85dcfbd37a7eefad40f8d2ab14fe,533,533,0.1876172607879924953095684803,1.302900489764679618065792318,167.0000000000000002617401242,167.0000000000000002617401242,1.002032994452642378273642819,-0.2161704599993800798690304952,310,0.1838709677419354838709677419,88.99999999999999965354280849,88.99999999999999965354280849,223,0.1928251121076233183856502242,78.00000000000000060819731559,78.00000000000000060819731559,run_1cf1347ca25d48a68c91e9edb9d8c86f,ema_pullback:d176ac3c1588b526a853bc8d
w07-lb110-r5_5,lab_3d_boundary_w07_10_r55_60,7,110,5.5,16.5,3.0,ec8fc5e1e7be301430b04222e7fe6be38b8b85dcfbd37a7eefad40f8d2ab14fe,526,526,0.1977186311787072243346007605,1.240862146780749471406379889,150.0000000000000026685405508,150.0000000000000026685405508,0.6962640663597246918551881877,-0.2222277990363529968946048246,308,0.1883116883116883116883116883,69.00000000000000217082417914,69.00000000000000217082417914,218,0.2110091743119266055045871560,81.00000000000000049771637177,81.00000000000000049771637177,run_2be556401dc2496e8883819eec950fb3,ema_pullback:40f3491f5b959bbd026fea03
w07-lb110-r6_0,lab_3d_boundary_w07_10_r55_60,7,110,6.0,18.0,3.0,ec8fc5e1e7be301430b04222e7fe6be38b8b85dcfbd37a7eefad40f8d2ab14fe,522,522,0.1877394636015325670498084291,1.296525137979209105483976552,164.0000000000000002617401242,164.0000000000000002617401242,0.9260685472038833210459148917,-0.2161704599993800798690304922,305,0.1803278688524590163934426230,79.99999999999999965354280847,79.99999999999999965354280847,217,0.1981566820276497695852534562,84.00000000000000060819731559,84.00000000000000060819731559,run_3ce44a7663564f72a667402058cd4d85,ema_pullback:4b4fcd53abdda36d0cebcc79
w07-lb115-r5_5,lab_3d_boundary_w07_10_r55_60,7,115,5.5,16.5,3.0,ec8fc5e1e7be301430b04222e7fe6be38b8b85dcfbd37a7eefad40f8d2ab14fe,515,515,0.1980582524271844660194174757,1.244211510471923938915229134,148.0000000000000041483094375,148.0000000000000041483094375,0.689804412738129664380736168,-0.2176566977009327572024800386,303,0.1848184818481848184818481848,61.00000000000000365059306587,61.00000000000000365059306587,212,0.2169811320754716981132075472,87.00000000000000049771637181,87.00000000000000049771637181,run_91f1564f74ea44978fed9ceff3479c8b,ema_pullback:88496aa135a1fc3d1c1105bc
w07-lb115-r6_0,lab_3d_boundary_w07_10_r55_60,7,115,6.0,18.0,3.0,ec8fc5e1e7be301430b04222e7fe6be38b8b85dcfbd37a7eefad40f8d2ab14fe,511,511,0.1878669275929549902152641879,1.299142531824122987766958211,161.0000000000000016959947755,161.0000000000000016959947755,0.9107807183571465298827409703,-0.2115637586379796184727613301,300,0.1766666666666666666666666667,71.00000000000000108779745988,71.00000000000000108779745988,211,0.2037914691943127962085308057,90.00000000000000060819731561,90.00000000000000060819731561,run_280978714abb4583b19188e0e33f36f3,ema_pullback:fff3513bfb513970316417d0
w07-lb120-r5_5,lab_3d_boundary_w07_10_r55_60,7,120,5.5,16.5,3.0,ec8fc5e1e7be301430b04222e7fe6be38b8b85dcfbd37a7eefad40f8d2ab14fe,509,509,0.1984282907662082514734774067,1.248202493770862820325957473,147.5000000000000038986643213,147.5000000000000038986643213,0.6861627810768705380022288477,-0.2243184742550727656143603843,300,0.1866666666666666666666666667,64.00000000000000365059306586,64.00000000000000365059306586,209,0.2153110047846889952153110048,83.50000000000000024807125560,83.50000000000000024807125560,run_026050ce2ba1486d85dcfa193f4ebe69,ema_pullback:715fd8befafb9a9c9924cbab
w07-lb120-r6_0,lab_3d_boundary_w07_10_r55_60,7,120,6.0,18.0,3.0,ec8fc5e1e7be301430b04222e7fe6be38b8b85dcfbd37a7eefad40f8d2ab14fe,505,505,0.1881188118811881188118811881,1.303542589631920486564566353,160.0000000000000014463496594,160.0000000000000014463496594,0.9029337488032343492958662305,-0.2199767312442853452898555695,297,0.1784511784511784511784511785,74.00000000000000108779745991,74.00000000000000108779745991,208,0.2019230769230769230769230769,86.00000000000000035855219938,86.00000000000000035855219938,run_19574f8342a64ea080a1ecadca22a6a8,ema_pullback:1b7a5e4a140eeb31676748ee
w07-lb125-r5_5,lab_3d_boundary_w07_10_r55_60,7,125,5.5,16.5,3.0,ec8fc5e1e7be301430b04222e7fe6be38b8b85dcfbd37a7eefad40f8d2ab14fe,497,497,0.1991951710261569416498993964,1.269214596080477090764399736,146.5000000000000052969273214,146.5000000000000052969273214,0.7490773927538022166621699553,-0.2126829495519116980263947340,294,0.1904761904761904761904761905,70.00000000000000365059306586,70.00000000000000365059306586,203,0.2118226600985221674876847291,76.50000000000000164633425566,76.50000000000000164633425566,run_c3ade7a558e540afa3ef3eec6c30dc72,ema_pullback:3285776e1362413528278792
w07-lb125-r6_0,lab_3d_boundary_w07_10_r55_60,7,125,6.0,18.0,3.0,ec8fc5e1e7be301430b04222e7fe6be38b8b85dcfbd37a7eefad40f8d2ab14fe,493,493,0.1886409736308316430020283976,1.324579175605260829182163071,158.0000000000000018622493717,158.0000000000000018622493717,0.9716490971434543574444967006,-0.2082760787065941482894565345,291,0.1821305841924398625429553265,80.00000000000000108779745988,80.00000000000000108779745988,202,0.1980198019801980198019801980,78.00000000000000077445191160,78.00000000000000077445191160,run_35bd27a58e4c4455b3f195ad42db0d8c,ema_pullback:8834c66be5d89c504727a15c
w07-lb130-r5_5,lab_3d_boundary_w07_10_r55_60,7,130,5.5,16.5,3.0,ec8fc5e1e7be301430b04222e7fe6be38b8b85dcfbd37a7eefad40f8d2ab14fe,489,489,0.1983640081799591002044989775,1.256649006076509980834806620,141.5000000000000053561265754,141.5000000000000053561265754,0.6895422767748700534944762789,-0.2369467961922883090629929216,292,0.1883561643835616438356164384,65.50000000000000392599838363,65.50000000000000392599838363,197,0.2131979695431472081218274112,76.00000000000000143012819179,76.00000000000000143012819179,run_3df19c1a9c0d4add80167fd76d810aa7,ema_pullback:cbdfba45764a2d8257042b85
w07-lb130-r6_0,lab_3d_boundary_w07_10_r55_60,7,130,6.0,18.0,3.0,ec8fc5e1e7be301430b04222e7fe6be38b8b85dcfbd37a7eefad40f8d2ab14fe,485,485,0.1876288659793814432989690722,1.310880924921760209737104394,152.0000000000000020825736258,152.0000000000000020825736258,0.8950213115418501432430850559,-0.2348195228461366706009317020,289,0.1799307958477508650519031142,75.00000000000000130812171410,75.00000000000000130812171410,196,0.1989795918367346938775510204,77.00000000000000077445191161,77.00000000000000077445191161,run_85dd44b8f230402794048a91f5ae8895,ema_pullback:24f50c1868bc041b0d8de0a3
w07-lb135-r5_5,lab_3d_boundary_w07_10_r55_60,7,135,5.5,16.5,3.0,ec8fc5e1e7be301430b04222e7fe6be38b8b85dcfbd37a7eefad40f8d2ab14fe,480,480,0.2,1.262193277082875784736559595,144.0000000000000061596942164,144.0000000000000061596942164,0.6724086113763805720274700124,-0.2369467961922883090629929221,287,0.1916376306620209059233449477,70.50000000000000392599838363,70.50000000000000392599838363,193,0.2124352331606217616580310881,73.50000000000000223369583286,73.50000000000000223369583286,run_1de89236db8147d5baf7d5b5fd4ffa3d,ema_pullback:372429048040d05d0dde7aa4
w07-lb135-r6_0,lab_3d_boundary_w07_10_r55_60,7,135,6.0,18.0,3.0,ec8fc5e1e7be301430b04222e7fe6be38b8b85dcfbd37a7eefad40f8d2ab14fe,476,476,0.1890756302521008403361344538,1.317447059852014432142249423,154.0000000000000023504295062,154.0000000000000023504295062,0.8691011315955609431277682826,-0.2348195228461366706009317001,284,0.1830985915492957746478873239,80.00000000000000130812171412,80.00000000000000130812171412,192,0.1979166666666666666666666667,74.00000000000000104230779195,74.00000000000000104230779195,run_053cdfd2b5ad493fbd6eca96a7c080a0,ema_pullback:46342e9b9bbdbf35b6ee8e6d
w07-lb140-r5_5,lab_3d_boundary_w07_10_r55_60,7,140,5.5,16.5,3.0,ec8fc5e1e7be301430b04222e7fe6be38b8b85dcfbd37a7eefad40f8d2ab14fe,467,467,0.2012847965738758029978586724,1.252996122154333242392340341,144.0000000000000050958852268,144.0000000000000050958852268,0.6266005942832945425334984665,-0.2270966390386642480423266943,278,0.1942446043165467625899280576,73.00000000000000264997937716,73.00000000000000264997937716,189,0.2116402116402116402116402116,71.00000000000000244590584976,71.00000000000000244590584976,run_2ef47c405ac44e90a3671f3bfc477303,ema_pullback:a1c16d73f5037860cffa13ef
w07-lb140-r6_0,lab_3d_boundary_w07_10_r55_60,7,140,6.0,18.0,3.0,ec8fc5e1e7be301430b04222e7fe6be38b8b85dcfbd37a7eefad40f8d2ab14fe,463,463,0.1900647948164146868250539957,1.306415984156729464321493598,153.0000000000000020314247544,153.0000000000000020314247544,0.8072578377367381081670916114,-0.2249419049903443375406384735,275,0.1854545454545454545454545455,82.00000000000000098911696248,82.00000000000000098911696248,188,0.1968085106382978723404255319,71.00000000000000104230779195,71.00000000000000104230779195,run_f10ab0ae94684d54b36975ab256c6090,ema_pullback:33f97e6e5b20956fc455eb10
w08-lb070-r5_5,lab_3d_boundary_w07_10_r55_60,8,70,5.5,16.5,3.0,ec8fc5e1e7be301430b04222e7fe6be38b8b85dcfbd37a7eefad40f8d2ab14fe,478,478,0.2008368200836820083682008368,1.338211322338435612848479673,146.0000000000000044224692262,146.0000000000000044224692262,0.8301096227051491057383387443,-0.1383313278754251954717417477,296,0.1925675675675675675675675676,74.50000000000000313790061922,74.50000000000000313790061922,182,0.2142857142857142857142857143,71.50000000000000128456860712,71.50000000000000128456860712,run_a1294053d7a84f5b88829cdccfe7c899,ema_pullback:55cf7fcce2e764efdeec3c3d
w08-lb070-r6_0,lab_3d_boundary_w07_10_r55_60,8,70,6.0,18.0,3.0,ec8fc5e1e7be301430b04222e7fe6be38b8b85dcfbd37a7eefad40f8d2ab14fe,472,472,0.1906779661016949152542372881,1.396811207248120530521855137,158.0000000000000015642368559,158.0000000000000015642368559,1.034448254817909310788904707,-0.1316205978208796238581343621,291,0.1855670103092783505154639175,86.99999999999999910997784479,86.99999999999999910997784479,181,0.1988950276243093922651933702,71.00000000000000245425901104,71.00000000000000245425901104,run_d92dd2c0446f42b2b8b1ce0d7fb99efa,ema_pullback:0fe3ff22b7ffec0074688c0a
w08-lb075-r5_5,lab_3d_boundary_w07_10_r55_60,8,75,5.5,16.5,3.0,ec8fc5e1e7be301430b04222e7fe6be38b8b85dcfbd37a7eefad40f8d2ab14fe,471,471,0.2038216560509554140127388535,1.361935119105223014752662027,153.0000000000000044224692262,153.0000000000000044224692262,0.8940572688762634011140789185,-0.1204877174857577328700582086,289,0.1972318339100346020761245675,81.50000000000000313790061922,81.50000000000000313790061922,182,0.2142857142857142857142857143,71.50000000000000128456860715,71.50000000000000128456860715,run_c5728f01183c48368a90a387c220827c,ema_pullback:46618cf9f942b4ae82d9bac8
w08-lb075-r6_0,lab_3d_boundary_w07_10_r55_60,8,75,6.0,18.0,3.0,ec8fc5e1e7be301430b04222e7fe6be38b8b85dcfbd37a7eefad40f8d2ab14fe,465,465,0.1935483870967741935483870968,1.421266910241367941427059930,165.0000000000000015642368561,165.0000000000000015642368561,1.105535896529903572783852841,-0.1159129549654922561240943587,284,0.1901408450704225352112676056,93.99999999999999910997784478,93.99999999999999910997784478,181,0.1988950276243093922651933702,71.00000000000000245425901104,71.00000000000000245425901104,run_6833b27abfdf4e3e915c8c646b030cbf,ema_pullback:db19479d2ea9f42edb36ad20
w08-lb080-r5_5,lab_3d_boundary_w07_10_r55_60,8,80,5.5,16.5,3.0,ec8fc5e1e7be301430b04222e7fe6be38b8b85dcfbd37a7eefad40f8d2ab14fe,464,464,0.2068965517241379310344827586,1.379223478835416030604381619,160.0000000000000044224692262,160.0000000000000044224692262,0.9393932155116915329763365443,-0.1204877174857577328700582102,282,0.2021276595744680851063829787,88.50000000000000313790061917,88.50000000000000313790061917,182,0.2142857142857142857142857143,71.50000000000000128456860713,71.50000000000000128456860713,run_8c76d45e8a404f2d9f46c1dd19e7ad6a,ema_pullback:78a5fb9e6dc8b9521b9880e3
w08-lb080-r6_0,lab_3d_boundary_w07_10_r55_60,8,80,6.0,18.0,3.0,ec8fc5e1e7be301430b04222e7fe6be38b8b85dcfbd37a7eefad40f8d2ab14fe,458,458,0.1965065502183406113537117904,1.439141313494215776932384004,172.0000000000000015642368561,172.0000000000000015642368561,1.155933772355850469644886397,-0.1159129549654922561240943587,277,0.1949458483754512635379061372,100.9999999999999991099778448,100.9999999999999991099778448,181,0.1988950276243093922651933702,71.00000000000000245425901105,71.00000000000000245425901105,run_2ab1c670e732437bb8f5d88d68b34c21,ema_pullback:52f5f9e44bee74a410577988
w08-lb085-r5_5,lab_3d_boundary_w07_10_r55_60,8,85,5.5,16.5,3.0,ec8fc5e1e7be301430b04222e7fe6be38b8b85dcfbd37a7eefad40f8d2ab14fe,460,460,0.2086956521739130434782608696,1.398145192880225108010137193,164.0000000000000044224692261,164.0000000000000044224692261,0.9921819785763819831676139762,-0.1204877174857577328700582102,280,0.2035714285714285714285714286,90.50000000000000313790061916,90.50000000000000313790061916,180,0.2166666666666666666666666667,73.50000000000000128456860712,73.50000000000000128456860712,run_3da490154b8449439d8ef3ceba539948,ema_pullback:4d02ea7901634cbb932b1681
w08-lb085-r6_0,lab_3d_boundary_w07_10_r55_60,8,85,6.0,18.0,3.0,ec8fc5e1e7be301430b04222e7fe6be38b8b85dcfbd37a7eefad40f8d2ab14fe,454,454,0.1982378854625550660792951542,1.458597065754796412592059153,176.0000000000000015642368560,176.0000000000000015642368560,1.214616599634912473876964102,-0.1159129549654922561240943587,275,0.1963636363636363636363636364,102.9999999999999991099778448,102.9999999999999991099778448,179,0.2011173184357541899441340782,73.00000000000000245425901104,73.00000000000000245425901104,run_d157228a1fdd4cf58772c411e9ae1435,ema_pullback:762c4fa90aee5ad203389199
w08-lb090-r5_5,lab_3d_boundary_w07_10_r55_60,8,90,5.5,16.5,3.0,ec8fc5e1e7be301430b04222e7fe6be38b8b85dcfbd37a7eefad40f8d2ab14fe,455,455,0.2065934065934065934065934066,1.395249166330672124416125510,156.0000000000000041294307600,156.0000000000000041294307600,0.95314627044665094400315059,-0.1217107466380564422816857521,275,0.2,82.50000000000000284486215298,82.50000000000000284486215298,180,0.2166666666666666666666666667,73.50000000000000128456860715,73.50000000000000128456860715,run_fecf9a23a1ce4a2a9a9255b9174d5893,ema_pullback:de78fba36c108281581220f4
w08-lb090-r6_0,lab_3d_boundary_w07_10_r55_60,8,90,6.0,18.0,3.0,ec8fc5e1e7be301430b04222e7fe6be38b8b85dcfbd37a7eefad40f8d2ab14fe,450,450,0.1955555555555555555555555556,1.451024078113426315407516386,166.0000000000000022338533319,166.0000000000000022338533319,1.154532439623513433157587582,-0.1202723712131959621463423702,271,0.1918819188191881918819188192,92.99999999999999977959432077,92.99999999999999977959432077,179,0.2011173184357541899441340782,73.00000000000000245425901105,73.00000000000000245425901105,run_b9c3586b6dce43dd845cf6c7d0ebec9f,ema_pullback:b8e9ab4a07c95edce5f047c8
w08-lb095-r5_5,lab_3d_boundary_w07_10_r55_60,8,95,5.5,16.5,3.0,ec8fc5e1e7be301430b04222e7fe6be38b8b85dcfbd37a7eefad40f8d2ab14fe,450,450,0.2088888888888888888888888889,1.408467606630635922721150551,161.0000000000000041294307600,161.0000000000000041294307600,0.9914201099000427924075743611,-0.1207065049728392560908190678,271,0.2029520295202952029520295203,86.50000000000000284486215296,86.50000000000000284486215296,179,0.2178770949720670391061452514,74.50000000000000128456860717,74.50000000000000128456860717,run_6111366589ce41e4a20aff354d0cfafa,ema_pullback:f48d7194fd48fd09387194eb
w08-lb095-r6_0,lab_3d_boundary_w07_10_r55_60,8,95,6.0,18.0,3.0,ec8fc5e1e7be301430b04222e7fe6be38b8b85dcfbd37a7eefad40f8d2ab14fe,445,445,0.1977528089887640449438202247,1.464342727637174669592505543,171.0000000000000022338533319,171.0000000000000022338533319,1.196752640915666184338923848,-0.1192664849001291749806252059,267,0.1947565543071161048689138577,96.9999999999999997795943207,96.9999999999999997795943207,178,0.2022471910112359550561797753,74.00000000000000245425901104,74.00000000000000245425901104,run_f4f54189ad61428d8c2cf3cd06ffd617,ema_pullback:6cef03505131b1416f0635cc
w08-lb100-r5_5,lab_3d_boundary_w07_10_r55_60,8,100,5.5,16.5,3.0,ec8fc5e1e7be301430b04222e7fe6be38b8b85dcfbd37a7eefad40f8d2ab14fe,446,446,0.2085201793721973094170403587,1.414791258232610672585050722,158.5000000000000047196479417,158.5000000000000047196479417,1.004263829644010989412690685,-0.1207065049728392560908190678,268,0.2014925373134328358208955224,83.00000000000000343507933469,83.00000000000000343507933469,178,0.2191011235955056179775280899,75.50000000000000128456860717,75.50000000000000128456860717,run_ead5499b46604f8b9c7fbeb7a48ed0ec,ema_pullback:ae295787d6f9f4369866026d
w08-lb100-r6_0,lab_3d_boundary_w07_10_r55_60,8,100,6.0,18.0,3.0,ec8fc5e1e7be301430b04222e7fe6be38b8b85dcfbd37a7eefad40f8d2ab14fe,441,441,0.1972789115646258503401360544,1.470691782320759058270220912,168.0000000000000037093962865,168.0000000000000037093962865,1.210174503805045276089350941,-0.1192664849001291749806252059,264,0.1931818181818181818181818182,93.00000000000000125513727510,93.00000000000000125513727510,177,0.2033898305084745762711864407,75.00000000000000245425901107,75.00000000000000245425901107,run_6c77c67f59204491a496404aac3c09ff,ema_pullback:2bf18577c666af51ec1f747c
w08-lb105-r5_5,lab_3d_boundary_w07_10_r55_60,8,105,5.5,16.5,3.0,ec8fc5e1e7be301430b04222e7fe6be38b8b85dcfbd37a7eefad40f8d2ab14fe,444,444,0.2094594594594594594594594595,1.421631874390780665486479606,160.5000000000000047196479417,160.5000000000000047196479417,1.023471257568850496043759746,-0.1207065049728392560908190678,266,0.2030075187969924812030075188,85.00000000000000343507933470,85.00000000000000343507933470,178,0.2191011235955056179775280899,75.50000000000000128456860718,75.50000000000000128456860718,run_8e0b4761a1a54e93b2c3297451e3f671,ema_pullback:a6862e264e9fc57ca9112cd6
w08-lb105-r6_0,lab_3d_boundary_w07_10_r55_60,8,105,6.0,18.0,3.0,ec8fc5e1e7be301430b04222e7fe6be38b8b85dcfbd37a7eefad40f8d2ab14fe,440,440,0.1977272727272727272727272727,1.474794723534763761046901077,169.0000000000000037093962864,169.0000000000000037093962864,1.222225223150357360604161653,-0.1192664849001291749806252059,263,0.1939163498098859315589353612,94.00000000000000125513727510,94.00000000000000125513727510,177,0.2033898305084745762711864407,75.00000000000000245425901106,75.00000000000000245425901106,run_f18cac89c09f41c5ad8b95a8abf72fd3,ema_pullback:0c05f92d5da638abacb5483e
w08-lb110-r5_5,lab_3d_boundary_w07_10_r55_60,8,110,5.5,16.5,3.0,ec8fc5e1e7be301430b04222e7fe6be38b8b85dcfbd37a7eefad40f8d2ab14fe,438,438,0.2100456621004566210045662100,1.426213011036988179382430936,160.0000000000000039672803982,160.0000000000000039672803982,1.023332166857497587455268005,-0.1207065049728392560908190678,263,0.2015209125475285171102661597,81.50000000000000268271179116,81.50000000000000268271179116,175,0.2228571428571428571428571429,78.50000000000000128456860717,78.50000000000000128456860717,run_78e73386fd4247ab92cecb26d11e3828,ema_pullback:ba55f2085416a75eb0fbcc31
w08-lb110-r6_0,lab_3d_boundary_w07_10_r55_60,8,110,6.0,18.0,3.0,ec8fc5e1e7be301430b04222e7fe6be38b8b85dcfbd37a7eefad40f8d2ab14fe,434,434,0.1981566820276497695852534562,1.478908898664121624480271815,168.0000000000000037093962863,168.0000000000000037093962863,1.217745822987720597664428823,-0.1192664849001291749806252059,260,0.1923076923076923076923076923,90.00000000000000125513727512,90.00000000000000125513727512,174,0.2068965517241379310344827586,78.00000000000000245425901104,78.00000000000000245425901104,run_e763d05136b6475ebfbfa1487d4e4040,ema_pullback:2b20265e10a0bb669e989ca0
w08-lb115-r5_5,lab_3d_boundary_w07_10_r55_60,8,115,5.5,16.5,3.0,ec8fc5e1e7be301430b04222e7fe6be38b8b85dcfbd37a7eefad40f8d2ab14fe,429,429,0.2097902097902097902097902098,1.427701401412227508610771068,156.0000000000000054470492849,156.0000000000000054470492849,0.9964878692065586221693490425,-0.1207065049728392560908190678,258,0.1976744186046511627906976744,73.50000000000000416248067787,73.50000000000000416248067787,171,0.2280701754385964912280701754,82.50000000000000128456860718,82.50000000000000128456860718,run_e22085b9837a4c74b5bb5e58bfdf8329,ema_pullback:b35f3f67a7362ef1ff6447e3
w08-lb115-r6_0,lab_3d_boundary_w07_10_r55_60,8,115,6.0,18.0,3.0,ec8fc5e1e7be301430b04222e7fe6be38b8b85dcfbd37a7eefad40f8d2ab14fe,425,425,0.1976470588235294117647058824,1.479011613546425673870234599,163.0000000000000051436509378,163.0000000000000051436509378,1.179251696949180676606126795,-0.1192664849001291749806252059,255,0.1882352941176470588235294118,81.00000000000000268939192652,81.00000000000000268939192652,170,0.2117647058823529411764705882,82.00000000000000245425901106,82.00000000000000245425901106,run_bba73c0dae2846b8adff2a332a5bfad8,ema_pullback:54e5cb0af9fbfede5520fa2d
w08-lb120-r5_5,lab_3d_boundary_w07_10_r55_60,8,120,5.5,16.5,3.0,ec8fc5e1e7be301430b04222e7fe6be38b8b85dcfbd37a7eefad40f8d2ab14fe,425,425,0.2094117647058823529411764706,1.425924146432066204984919976,153.5000000000000051974041687,153.5000000000000051974041687,0.9733184576117846387486496563,-0.1207065049728392560908190678,255,0.2,76.50000000000000416248067786,76.50000000000000416248067786,170,0.2235294117647058823529411765,77.00000000000000103492349094,77.00000000000000103492349094,run_124a67279df841449be5964f65c1fa62,ema_pullback:a3a9bafe8a4a3fc6a5455275
w08-lb120-r6_0,lab_3d_boundary_w07_10_r55_60,8,120,6.0,18.0,3.0,ec8fc5e1e7be301430b04222e7fe6be38b8b85dcfbd37a7eefad40f8d2ab14fe,421,421,0.1971496437054631828978622328,1.476921366200876153093602590,160.0000000000000048940058216,160.0000000000000048940058216,1.149748499877172521693331618,-0.1192664849001291749806252059,252,0.1904761904761904761904761905,84.00000000000000268939192653,84.00000000000000268939192653,169,0.2071005917159763313609467456,76.00000000000000220461389483,76.00000000000000220461389483,run_52a94478da80432582ea39e840ba24d8,ema_pullback:be0dee76d2976a245889fd4a
w08-lb125-r5_5,lab_3d_boundary_w07_10_r55_60,8,125,5.5,16.5,3.0,ec8fc5e1e7be301430b04222e7fe6be38b8b85dcfbd37a7eefad40f8d2ab14fe,415,415,0.2096385542168674698795180723,1.444763392531133865269468656,150.5000000000000065956671687,150.5000000000000065956671687,1.010674171555366916551290691,-0.1204877174857577328700582097,251,0.2031872509960159362549800797,80.50000000000000416248067786,80.50000000000000416248067786,164,0.2195121951219512195121951220,70.00000000000000243318649102,70.00000000000000243318649102,run_28a6940e6fcb42359a1609a72f7606d5,ema_pullback:8d4973f395a4fa3a54bc541c
w08-lb125-r6_0,lab_3d_boundary_w07_10_r55_60,8,125,6.0,18.0,3.0,ec8fc5e1e7be301430b04222e7fe6be38b8b85dcfbd37a7eefad40f8d2ab14fe,411,411,0.1970802919708029197080291971,1.495763211863748217021701421,156.0000000000000053099055338,156.0000000000000053099055338,1.187905720234250208368338176,-0.1149162318892412717820249075,248,0.1935483870967741935483870968,88.00000000000000268939192652,88.00000000000000268939192652,163,0.2024539877300613496932515337,68.00000000000000262051360705,68.00000000000000262051360705,run_59ee4626f52f499792fddbe4c2433072,ema_pullback:a7bb9bc8a2df9c8d91024a0d
w08-lb130-r5_5,lab_3d_boundary_w07_10_r55_60,8,130,5.5,16.5,3.0,ec8fc5e1e7be301430b04222e7fe6be38b8b85dcfbd37a7eefad40f8d2ab14fe,409,409,0.2102689486552567237163814181,1.442110035145437447788450745,150.0000000000000063794611048,150.0000000000000063794611048,0.9809042496856903339671526989,-0.1204877174857577328700582097,250,0.204,81.50000000000000416248067786,81.50000000000000416248067786,159,0.2201257861635220125786163522,68.50000000000000221698042716,68.50000000000000221698042716,run_c120b955b703477c91547ccf0f69aceb,ema_pullback:2b6b5fd9da24ac632cec2df8
w08-lb130-r6_0,lab_3d_boundary_w07_10_r55_60,8,130,6.0,18.0,3.0,ec8fc5e1e7be301430b04222e7fe6be38b8b85dcfbd37a7eefad40f8d2ab14fe,405,405,0.1975308641975308641975308642,1.492520208966666446886272114,155.0000000000000053099055338,155.0000000000000053099055338,1.149489553642227034789416786,-0.1149162318892412717820249067,247,0.1943319838056680161943319838,89.00000000000000268939192651,89.00000000000000268939192651,158,0.2025316455696202531645569620,66.00000000000000262051360704,66.00000000000000262051360704,run_87571b677f0b40468346aebd4ca3e87e,ema_pullback:093ebfd738d8dacdfb095e61
w08-lb135-r5_5,lab_3d_boundary_w07_10_r55_60,8,135,5.5,16.5,3.0,ec8fc5e1e7be301430b04222e7fe6be38b8b85dcfbd37a7eefad40f8d2ab14fe,402,402,0.2114427860696517412935323383,1.440996801522948091901252088,150.5000000000000071830287459,150.5000000000000071830287459,0.9359291792173370272566478261,-0.1204877174857577328700582118,246,0.2073170731707317073170731707,85.50000000000000416248067785,85.50000000000000416248067785,156,0.2179487179487179487179487179,65.00000000000000302054806820,65.00000000000000302054806820,run_9da2e2a2d9e94bbca65802ee7d7211de,ema_pullback:f582661456aaecca66198585
w08-lb135-r6_0,lab_3d_boundary_w07_10_r55_60,8,135,6.0,18.0,3.0,ec8fc5e1e7be301430b04222e7fe6be38b8b85dcfbd37a7eefad40f8d2ab14fe,398,398,0.1984924623115577889447236181,1.491473969793545461746502170,155.0000000000000055777614141,155.0000000000000055777614141,1.09318055293016393120104825,-0.1149162318892412717820249065,243,0.1975308641975308641975308642,93.00000000000000268939192650,93.00000000000000268939192650,155,0.2,62.00000000000000288836948742,62.00000000000000288836948742,run_42c59ec49e204449995214b2d7b59636,ema_pullback:1376dcfcc7ea4c95c55ec5df
w08-lb140-r5_5,lab_3d_boundary_w07_10_r55_60,8,140,5.5,16.5,3.0,ec8fc5e1e7be301430b04222e7fe6be38b8b85dcfbd37a7eefad40f8d2ab14fe,389,389,0.2133676092544987146529562982,1.432746400806969602950015034,150.5000000000000061192197563,150.5000000000000061192197563,0.8829032163459739835056514151,-0.1128536315145007700751364607,237,0.2109704641350210970464135021,88.00000000000000288646167138,88.00000000000000288646167138,152,0.2171052631578947368421052632,62.50000000000000323275808510,62.50000000000000323275808510,run_d73fb8df9eb9404e8bb0e802e315df8e,ema_pullback:6ec2447096a540481b51afcf
w08-lb140-r6_0,lab_3d_boundary_w07_10_r55_60,8,140,6.0,18.0,3.0,ec8fc5e1e7be301430b04222e7fe6be38b8b85dcfbd37a7eefad40f8d2ab14fe,385,385,0.2,1.480547077717405334819964907,154.0000000000000052587566625,154.0000000000000052587566625,1.023923101930747484830335129,-0.1149162318892412717820249068,234,0.2008547008547008547008547009,95.00000000000000237038717492,95.00000000000000237038717492,151,0.1986754966887417218543046358,59.00000000000000288836948741,59.00000000000000288836948741,run_c3a3dab6210e4cd7b005314f6b38bc3c,ema_pullback:e832e6fcf8ab65002de56c26
w09-lb070-r5_5,lab_3d_boundary_w07_10_r55_60,9,70,5.5,16.5,3.0,ec8fc5e1e7be301430b04222e7fe6be38b8b85dcfbd37a7eefad40f8d2ab14fe,378,378,0.2142857142857142857142857143,1.380857321814696750539862329,148.5000000000000055571115628,148.5000000000000055571115628,0.6820369224068079945151550604,-0.1151585621438310296963870966,241,0.2199170124481327800829875519,103.5000000000000028889751608,103.5000000000000028889751608,137,0.2043795620437956204379562044,45.00000000000000266813640220,45.00000000000000266813640220,run_062eb7346e9742aca14e18b1f42d5480,ema_pullback:d0abadf4777c9f1c2d25f1e5
w09-lb070-r6_0,lab_3d_boundary_w07_10_r55_60,9,70,6.0,18.0,3.0,ec8fc5e1e7be301430b04222e7fe6be38b8b85dcfbd37a7eefad40f8d2ab14fe,375,375,0.2,1.404991689633749819935477155,150.0000000000000003357410332,150.0000000000000003357410332,0.7556277330187649849304028651,-0.1082673611258250730059092824,239,0.2092050209205020920502092050,110.9999999999999983940992288,110.9999999999999983940992288,136,0.1838235294117647058823529412,39.00000000000000194164180424,39.00000000000000194164180424,run_42051dfe123c42a3b9f8e21246433b60,ema_pullback:a576c965d93da2229349caec
w09-lb075-r5_5,lab_3d_boundary_w07_10_r55_60,9,75,5.5,16.5,3.0,ec8fc5e1e7be301430b04222e7fe6be38b8b85dcfbd37a7eefad40f8d2ab14fe,372,372,0.2177419354838709677419354839,1.403874599121561747039322483,154.5000000000000055571115629,154.5000000000000055571115629,0.7214937010248945833861680089,-0.1068570599818781844374530648,235,0.2255319148936170212765957447,109.5000000000000028889751608,109.5000000000000028889751608,137,0.2043795620437956204379562044,45.00000000000000266813640221,45.00000000000000266813640221,run_fb987209ef52438a89cd992ac8fa199b,ema_pullback:cd67d6285229035d40feba2a
w09-lb075-r6_0,lab_3d_boundary_w07_10_r55_60,9,75,6.0,18.0,3.0,ec8fc5e1e7be301430b04222e7fe6be38b8b85dcfbd37a7eefad40f8d2ab14fe,369,369,0.2032520325203252032520325203,1.428071475005629784205650607,156.0000000000000003357410333,156.0000000000000003357410333,0.796810785468276578765970211,-0.0999012063405863739588132407,233,0.2145922746781115879828326180,116.9999999999999983940992289,116.9999999999999983940992289,136,0.1838235294117647058823529412,39.00000000000000194164180425,39.00000000000000194164180425,run_170292d691b54895b202bfa1d9dd60e5,ema_pullback:e8046eeeeb718158f0371728
w09-lb080-r5_5,lab_3d_boundary_w07_10_r55_60,9,80,5.5,16.5,3.0,ec8fc5e1e7be301430b04222e7fe6be38b8b85dcfbd37a7eefad40f8d2ab14fe,365,365,0.2219178082191780821917808219,1.427766848885620748771331066,161.5000000000000055571115629,161.5000000000000055571115629,0.7626991850645584962060588581,-0.1068570599818781844374530654,228,0.2324561403508771929824561404,116.5000000000000028889751608,116.5000000000000028889751608,137,0.2043795620437956204379562044,45.00000000000000266813640222,45.00000000000000266813640222,run_8de502e1b5d649af8c819931c6b6eac2,ema_pullback:bc8e86efcf3a26197f80d029
w09-lb080-r6_0,lab_3d_boundary_w07_10_r55_60,9,80,6.0,18.0,3.0,ec8fc5e1e7be301430b04222e7fe6be38b8b85dcfbd37a7eefad40f8d2ab14fe,362,362,0.2071823204419889502762430939,1.451927650526925630093165966,163.0000000000000003357410333,163.0000000000000003357410333,0.8398190509640086346399819722,-0.0999012063405863739588132422,226,0.2212389380530973451327433628,123.9999999999999983940992289,123.9999999999999983940992289,136,0.1838235294117647058823529412,39.00000000000000194164180423,39.00000000000000194164180423,run_ba210420c81c49a993322b1f6e1019b9,ema_pullback:05325d950046c2287e82c93d
w09-lb085-r5_5,lab_3d_boundary_w07_10_r55_60,9,85,5.5,16.5,3.0,ec8fc5e1e7be301430b04222e7fe6be38b8b85dcfbd37a7eefad40f8d2ab14fe,362,362,0.2237569060773480662983425414,1.448663081184122921797420802,164.5000000000000055571115628,164.5000000000000055571115628,0.7989256903875037782700627011,-0.1068570599818781844374530654,226,0.2345132743362831858407079646,118.5000000000000028889751607,118.5000000000000028889751607,136,0.2058823529411764705882352941,46.00000000000000266813640219,46.00000000000000266813640219,run_3ab3abf8972a4f14b8286eea429c5348,ema_pullback:fc27b14f4a7d2e4532b4def9
w09-lb085-r6_0,lab_3d_boundary_w07_10_r55_60,9,85,6.0,18.0,3.0,ec8fc5e1e7be301430b04222e7fe6be38b8b85dcfbd37a7eefad40f8d2ab14fe,359,359,0.2089136490250696378830083565,1.472951662538957248997581580,166.0000000000000003357410333,166.0000000000000003357410333,0.877630502406055307815621502,-0.0999012063405863739588132422,224,0.2232142857142857142857142857,125.9999999999999983940992289,125.9999999999999983940992289,135,0.1851851851851851851851851852,40.00000000000000194164180426,40.00000000000000194164180426,run_7d260fde14ce4c0083d6589cbd7936c6,ema_pullback:e04163efa102925777ee08a0
w09-lb090-r5_5,lab_3d_boundary_w07_10_r55_60,9,90,5.5,16.5,3.0,ec8fc5e1e7be301430b04222e7fe6be38b8b85dcfbd37a7eefad40f8d2ab14fe,359,359,0.2200557103064066852367688022,1.434750530451740119829558859,154.5000000000000052640730966,154.5000000000000052640730966,0.7482041594945747445320786093,-0.1068570599818781844374530649,223,0.2286995515695067264573991031,108.5000000000000025959366946,108.5000000000000025959366946,136,0.2058823529411764705882352941,46.00000000000000266813640222,46.00000000000000266813640222,run_f1095e86cdfb47e2954c7a7ea5ea9aad,ema_pullback:9fa0f1ded761741ec167f448
w09-lb090-r6_0,lab_3d_boundary_w07_10_r55_60,9,90,6.0,18.0,3.0,ec8fc5e1e7be301430b04222e7fe6be38b8b85dcfbd37a7eefad40f8d2ab14fe,356,356,0.2050561797752808988764044944,1.458156059074390924192274769,155.0000000000000010053575093,155.0000000000000010053575093,0.8193684564756390950308952739,-0.0999012063405863739588132424,221,0.2171945701357466063348416290,114.9999999999999990637157048,114.9999999999999990637157048,135,0.1851851851851851851851851852,40.00000000000000194164180425,40.00000000000000194164180425,run_6201a967ff0943baa34335523d8ef646,ema_pullback:16c2f055bc7ef27591c3fbed
w09-lb095-r5_5,lab_3d_boundary_w07_10_r55_60,9,95,5.5,16.5,3.0,ec8fc5e1e7be301430b04222e7fe6be38b8b85dcfbd37a7eefad40f8d2ab14fe,356,356,0.2219101123595505617977528090,1.446027066983737612923053293,157.5000000000000052640730966,157.5000000000000052640730966,0.7709033715648994105257699771,-0.1068570599818781844374530657,221,0.2307692307692307692307692308,110.5000000000000025959366946,110.5000000000000025959366946,135,0.2074074074074074074074074074,47.00000000000000266813640221,47.00000000000000266813640221,run_50b27ee69666475a9525a83c83092bc7,ema_pullback:2928766e0b385b7f60586110
w09-lb095-r6_0,lab_3d_boundary_w07_10_r55_60,9,95,6.0,18.0,3.0,ec8fc5e1e7be301430b04222e7fe6be38b8b85dcfbd37a7eefad40f8d2ab14fe,353,353,0.2067988668555240793201133144,1.469249939198620313415208758,158.0000000000000010053575093,158.0000000000000010053575093,0.8429916873227385328680495368,-0.0999012063405863739588132409,219,0.2191780821917808219178082192,116.9999999999999990637157048,116.9999999999999990637157048,134,0.1865671641791044776119402985,41.00000000000000194164180425,41.00000000000000194164180425,run_cd7b7b203b74443ebb40a2896ea42abe,ema_pullback:41dacb8b5d6698c504d3a018
w09-lb100-r5_5,lab_3d_boundary_w07_10_r55_60,9,100,5.5,16.5,3.0,ec8fc5e1e7be301430b04222e7fe6be38b8b85dcfbd37a7eefad40f8d2ab14fe,353,353,0.2209631728045325779036827195,1.448208986694836270453709431,154.0000000000000058542902783,154.0000000000000058542902783,0.7733459438149113589600265692,-0.1068570599818781844374530653,219,0.2283105022831050228310502283,106.0000000000000031861538763,106.0000000000000031861538763,134,0.2089552238805970149253731343,48.00000000000000266813640217,48.00000000000000266813640217,run_251b1ed10eeb487896ec051b12fa6c1f,ema_pullback:b7d35a37afbe943ff91c1688
w09-lb100-r6_0,lab_3d_boundary_w07_10_r55_60,9,100,6.0,18.0,3.0,ec8fc5e1e7be301430b04222e7fe6be38b8b85dcfbd37a7eefad40f8d2ab14fe,350,350,0.2057142857142857142857142857,1.471083920816434314818286079,154.0000000000000024809004637,154.0000000000000024809004637,0.8449108477953574028558240444,-0.0999012063405863739588132423,217,0.2165898617511520737327188940,112.0000000000000005392586592,112.0000000000000005392586592,133,0.1879699248120300751879699248,42.00000000000000194164180425,42.00000000000000194164180425,run_6e5cbd75762040a6911fc60ca790570c,ema_pullback:8985a1bb1321c303d9a935bc
w09-lb105-r5_5,lab_3d_boundary_w07_10_r55_60,9,105,5.5,16.5,3.0,ec8fc5e1e7be301430b04222e7fe6be38b8b85dcfbd37a7eefad40f8d2ab14fe,351,351,0.2222222222222222222222222222,1.457920162842798724139948623,156.0000000000000058542902783,156.0000000000000058542902783,0.7903404202395451588178728242,-0.1068570599818781844374530653,217,0.2304147465437788018433179724,108.0000000000000031861538762,108.0000000000000031861538762,134,0.2089552238805970149253731343,48.00000000000000266813640222,48.00000000000000266813640222,run_9e3ec5a599d7415393a63ea58e07e14e,ema_pullback:a3da9a01b72caf99ca60bc9a
w09-lb105-r6_0,lab_3d_boundary_w07_10_r55_60,9,105,6.0,18.0,3.0,ec8fc5e1e7be301430b04222e7fe6be38b8b85dcfbd37a7eefad40f8d2ab14fe,349,349,0.2063037249283667621776504298,1.476824266165359789107547784,155.0000000000000024809004637,155.0000000000000024809004637,0.8549700095518739431740364525,-0.0999012063405863739588132423,216,0.2175925925925925925925925926,113.0000000000000005392586592,113.0000000000000005392586592,133,0.1879699248120300751879699248,42.00000000000000194164180424,42.00000000000000194164180424,run_e0441907a6944786bb0191e084b2110f,ema_pullback:324fbe58b9fd61396967a5e5
w09-lb110-r5_5,lab_3d_boundary_w07_10_r55_60,9,110,5.5,16.5,3.0,ec8fc5e1e7be301430b04222e7fe6be38b8b85dcfbd37a7eefad40f8d2ab14fe,348,348,0.2212643678160919540229885057,1.450466714941361899513069022,152.5000000000000051019227348,152.5000000000000051019227348,0.7681352732846789488790685113,-0.1068570599818781844374530654,215,0.2279069767441860465116279070,103.5000000000000024337863328,103.5000000000000024337863328,133,0.2105263157894736842105263158,49.00000000000000266813640219,49.00000000000000266813640219,run_1969862c4ffd4f9a91d4c291eb6fed6c,ema_pullback:8d287149af8b624e71f30fbe
w09-lb110-r6_0,lab_3d_boundary_w07_10_r55_60,9,110,6.0,18.0,3.0,ec8fc5e1e7be301430b04222e7fe6be38b8b85dcfbd37a7eefad40f8d2ab14fe,346,346,0.2052023121387283236994219653,1.468224180378092403829138142,151.0000000000000024809004636,151.0000000000000024809004636,0.8283962209033184580513291662,-0.0999012063405863739588132414,214,0.2149532710280373831775700935,108.0000000000000005392586592,108.0000000000000005392586592,132,0.1893939393939393939393939394,43.00000000000000194164180423,43.00000000000000194164180423,run_de83aea580644ca8bcef5490227210e9,ema_pullback:cb573f5cfb873e53ae8d985e
w09-lb115-r5_5,lab_3d_boundary_w07_10_r55_60,9,115,5.5,16.5,3.0,ec8fc5e1e7be301430b04222e7fe6be38b8b85dcfbd37a7eefad40f8d2ab14fe,341,341,0.2199413489736070381231671554,1.436610758920212681629966044,146.5000000000000065816916214,146.5000000000000065816916214,0.7243852840524487953928827609,-0.1068570599818781844374530631,210,0.2238095238095238095238095238,95.50000000000000391355521941,95.50000000000000391355521941,131,0.2137404580152671755725190840,51.00000000000000266813640223,51.00000000000000266813640223,run_f5ad2922dcf4405791fe30f39ed34de2,ema_pullback:2614234f2ff55d77537acb92
w09-lb115-r6_0,lab_3d_boundary_w07_10_r55_60,9,115,6.0,18.0,3.0,ec8fc5e1e7be301430b04222e7fe6be38b8b85dcfbd37a7eefad40f8d2ab14fe,339,339,0.2035398230088495575221238938,1.451487699444536061905424361,144.0000000000000039151551151,144.0000000000000039151551151,0.7757640840734141880318264192,-0.0999012063405863739588132438,209,0.2105263157894736842105263158,99.0000000000000019735133107,99.0000000000000019735133107,130,0.1923076923076923076923076923,45.00000000000000194164180424,45.00000000000000194164180424,run_7336f9b7b1504ec28cfab58842c378db,ema_pullback:64a960c89a7bf9de0e6a64ae
w09-lb120-r5_5,lab_3d_boundary_w07_10_r55_60,9,120,5.5,16.5,3.0,ec8fc5e1e7be301430b04222e7fe6be38b8b85dcfbd37a7eefad40f8d2ab14fe,338,338,0.2189349112426035502958579882,1.429736268733184951843755392,143.0000000000000063320465052,143.0000000000000063320465052,0.6999261153177747933163070793,-0.1068570599818781844374530631,208,0.2259615384615384615384615385,97.5000000000000039135552194,97.5000000000000039135552194,130,0.2076923076923076923076923077,45.50000000000000241849128600,45.50000000000000241849128600,run_0e2170904fe24f4f90513a5d1d6ff0c0,ema_pullback:265d69fc2a5b566307d4a670
w09-lb120-r6_0,lab_3d_boundary_w07_10_r55_60,9,120,6.0,18.0,3.0,ec8fc5e1e7be301430b04222e7fe6be38b8b85dcfbd37a7eefad40f8d2ab14fe,336,336,0.2023809523809523809523809524,1.443555163177520924845306220,140.0000000000000036655099989,140.0000000000000036655099989,0.7471523035227323655137635979,-0.0999012063405863739588132438,207,0.2125603864734299516908212560,101.0000000000000019735133106,101.0000000000000019735133106,129,0.1860465116279069767441860465,39.00000000000000169199668800,39.00000000000000169199668800,run_a733ecb0fde14dceb0d5709e576fe8ad,ema_pullback:87f01efdcbe99c8ef032b55c
w09-lb125-r5_5,lab_3d_boundary_w07_10_r55_60,9,125,5.5,16.5,3.0,ec8fc5e1e7be301430b04222e7fe6be38b8b85dcfbd37a7eefad40f8d2ab14fe,331,331,0.2205438066465256797583081571,1.458540715376683481592548355,143.5000000000000072183923699,143.5000000000000072183923699,0.742380777512266605196083498,-0.1068570599818781844374530627,205,0.2292682926829268292682926829,100.5000000000000039135552194,100.5000000000000039135552194,126,0.2063492063492063492063492063,43.00000000000000330483715066,43.00000000000000330483715066,run_8110f6130bf04badb3be983436c3e38e,ema_pullback:93a0bf4fc52c6602c7002c0c
w09-lb125-r6_0,lab_3d_boundary_w07_10_r55_60,9,125,6.0,18.0,3.0,ec8fc5e1e7be301430b04222e7fe6be38b8b85dcfbd37a7eefad40f8d2ab14fe,329,329,0.2036474164133738601823708207,1.471918870250584773899596414,140.0000000000000039609586203,140.0000000000000039609586203,0.7901827396052944608651285717,-0.0999012063405863739588132398,204,0.2156862745098039215686274510,104.0000000000000019735133106,104.0000000000000019735133106,125,0.184,36.00000000000000198744530957,36.00000000000000198744530957,run_25917b6ad1e24a42bcc17bb0437377bc,ema_pullback:838f24805edd776c9422c176
w09-lb130-r5_5,lab_3d_boundary_w07_10_r55_60,9,130,5.5,16.5,3.0,ec8fc5e1e7be301430b04222e7fe6be38b8b85dcfbd37a7eefad40f8d2ab14fe,326,326,0.2208588957055214723926380368,1.450751948180756668110537532,142.0000000000000070021863061,142.0000000000000070021863061,0.7119866126029591883318627138,-0.1022815263549915689913507842,204,0.2303921568627450980392156863,101.5000000000000039135552195,101.5000000000000039135552195,122,0.2049180327868852459016393443,40.50000000000000308863108678,40.50000000000000308863108678,run_fe4a62612aeb42e19e9d0254d2f3f751,ema_pullback:efac963620c22d52579bee6c
w09-lb130-r6_0,lab_3d_boundary_w07_10_r55_60,9,130,6.0,18.0,3.0,ec8fc5e1e7be301430b04222e7fe6be38b8b85dcfbd37a7eefad40f8d2ab14fe,324,324,0.2037037037037037037037037037,1.462627219576755818911975296,138.0000000000000039609586204,138.0000000000000039609586204,0.7540404689200382244384228114,-0.0952900381687535860382899444,203,0.2167487684729064039408866995,105.0000000000000019735133107,105.0000000000000019735133107,121,0.1818181818181818181818181818,33.00000000000000198744530956,33.00000000000000198744530956,run_1f02836644eb4012823f415c35c22673,ema_pullback:f6e0e6973dbb5d1ec0ac0651
w09-lb135-r5_5,lab_3d_boundary_w07_10_r55_60,9,135,5.5,16.5,3.0,ec8fc5e1e7be301430b04222e7fe6be38b8b85dcfbd37a7eefad40f8d2ab14fe,322,322,0.2236024844720496894409937888,1.465020090616305657763885338,146.0000000000000070021863061,146.0000000000000070021863061,0.7301936556923673596561973177,-0.1022815263549915689913507842,201,0.2338308457711442786069651741,104.5000000000000039135552195,104.5000000000000039135552195,121,0.2066115702479338842975206612,41.50000000000000308863108678,41.50000000000000308863108678,run_9fd7ba85c0284f449c461f380df36b47,ema_pullback:1b566d0fccf7a998e8ac5aeb
w09-lb135-r6_0,lab_3d_boundary_w07_10_r55_60,9,135,6.0,18.0,3.0,ec8fc5e1e7be301430b04222e7fe6be38b8b85dcfbd37a7eefad40f8d2ab14fe,320,320,0.20625,1.476839955896947626904325926,142.0000000000000039609586204,142.0000000000000039609586204,0.7726947563794690556904871426,-0.0952900381687535860382899444,200,0.22,108.0000000000000019735133107,108.0000000000000019735133107,120,0.1833333333333333333333333333,34.00000000000000198744530956,34.00000000000000198744530956,run_f5824e4a34114b9dabfc468f327655d1,ema_pullback:bff8ebce69898f360bc48878
w09-lb140-r5_5,lab_3d_boundary_w07_10_r55_60,9,140,5.5,16.5,3.0,ec8fc5e1e7be301430b04222e7fe6be38b8b85dcfbd37a7eefad40f8d2ab14fe,312,312,0.2243589743589743589743589744,1.434939831854569997683032719,143.0000000000000059383773166,143.0000000000000059383773166,0.6557161647695094590471842813,-0.1022815263549915689913507833,194,0.2371134020618556701030927835,105.0000000000000026375362130,105.0000000000000026375362130,118,0.2033898305084745762711864407,38.00000000000000330084110370,38.00000000000000330084110370,run_87e2af715cb44384a0d3d74f8877edb4,ema_pullback:62f628f59be61944d041a132
w09-lb140-r6_0,lab_3d_boundary_w07_10_r55_60,9,140,6.0,18.0,3.0,ec8fc5e1e7be301430b04222e7fe6be38b8b85dcfbd37a7eefad40f8d2ab14fe,310,310,0.2064516129032258064516129032,1.442661624661109594325044913,138.0000000000000036419538688,138.0000000000000036419538688,0.686451743123250497929305616,-0.0952900381687535860382899452,193,0.2227979274611398963730569948,108.0000000000000016545085590,108.0000000000000016545085590,117,0.1794871794871794871794871795,30.00000000000000198744530957,30.00000000000000198744530957,run_590f8391f0c4419a8979816039c162ae,ema_pullback:8d9efe349819d81994db5a78
w10-lb070-r5_5,lab_3d_boundary_w07_10_r55_60,10,70,5.5,16.5,3.0,ec8fc5e1e7be301430b04222e7fe6be38b8b85dcfbd37a7eefad40f8d2ab14fe,281,281,0.2170818505338078291814946619,1.233771454908088591606958064,115.5000000000000073215304320,115.5000000000000073215304320,0.2774961649167445150697114421,-0.1123785059399195575846616923,185,0.2324324324324324324324324324,94.50000000000000503044188464,94.50000000000000503044188464,96,0.1875,21.00000000000000229108854730,21.00000000000000229108854730,run_d8addba9433543cf9a4cb98f901600cf,ema_pullback:120b614dfdc2be9c35efae64
w10-lb070-r6_0,lab_3d_boundary_w07_10_r55_60,10,70,6.0,18.0,3.0,ec8fc5e1e7be301430b04222e7fe6be38b8b85dcfbd37a7eefad40f8d2ab14fe,280,280,0.1964285714285714285714285714,1.191793143103527745885398277,105.0000000000000002404677593,105.0000000000000002404677593,0.2340913510351804358174482863,-0.1359610150342987071065413020,184,0.2173913043478260869565217391,95.99999999999999961987216491,95.99999999999999961987216491,96,0.15625,9.00000000000000062059559446,9.00000000000000062059559446,run_73ea902665324f5989d562deef7880a0,ema_pullback:8e5c2d5decbc0506f3595007
w10-lb075-r5_5,lab_3d_boundary_w07_10_r55_60,10,75,5.5,16.5,3.0,ec8fc5e1e7be301430b04222e7fe6be38b8b85dcfbd37a7eefad40f8d2ab14fe,274,274,0.2189781021897810218978102190,1.244318363423420526440933006,116.0000000000000071310261169,116.0000000000000071310261169,0.2852005212798206735160792477,-0.1164978503427754073325687211,178,0.2359550561797752808988764045,95.00000000000000483993756951,95.00000000000000483993756951,96,0.1875,21.00000000000000229108854732,21.00000000000000229108854732,run_d8e8b02f7d4344a7b88f48c10933c238,ema_pullback:66d00930026e075320453d71
w10-lb075-r6_0,lab_3d_boundary_w07_10_r55_60,10,75,6.0,18.0,3.0,ec8fc5e1e7be301430b04222e7fe6be38b8b85dcfbd37a7eefad40f8d2ab14fe,273,273,0.1978021978021978021978021978,1.199675635147834528168779653,104.9999999999999998594591291,104.9999999999999998594591291,0.2396150744836462379463482015,-0.1502646440054750978198475193,177,0.2203389830508474576271186441,95.99999999999999923886353471,95.99999999999999923886353471,96,0.15625,9.00000000000000062059559447,9.00000000000000062059559447,run_237baef93f124d2eb601153ef36ae708,ema_pullback:9dbe034437517665709b03f2
w10-lb080-r5_5,lab_3d_boundary_w07_10_r55_60,10,80,5.5,16.5,3.0,ec8fc5e1e7be301430b04222e7fe6be38b8b85dcfbd37a7eefad40f8d2ab14fe,272,272,0.2205882352941176470588235294,1.250421253989340302910363191,118.0000000000000071310261169,118.0000000000000071310261169,0.2911350281851185016861375471,-0.1164978503427754073325687211,176,0.2386363636363636363636363636,97.0000000000000048399375695,97.0000000000000048399375695,96,0.1875,21.00000000000000229108854730,21.00000000000000229108854730,run_59b098ce6c1047929d74858d254acd07,ema_pullback:a44fb5e660d8a99c0c346f23
w10-lb080-r6_0,lab_3d_boundary_w07_10_r55_60,10,80,6.0,18.0,3.0,ec8fc5e1e7be301430b04222e7fe6be38b8b85dcfbd37a7eefad40f8d2ab14fe,271,271,0.1992619926199261992619926199,1.205220529939871693805552255,106.9999999999999998594591291,106.9999999999999998594591291,0.2453390872720232378995109348,-0.1502646440054750978198475193,175,0.2228571428571428571428571429,97.9999999999999992388635347,97.9999999999999992388635347,96,0.15625,9.00000000000000062059559447,9.00000000000000062059559447,run_64e43ddb164949ddbf90e8202e223436,ema_pullback:c58a0519a9eebb2267111cfc
w10-lb085-r5_5,lab_3d_boundary_w07_10_r55_60,10,85,5.5,16.5,3.0,ec8fc5e1e7be301430b04222e7fe6be38b8b85dcfbd37a7eefad40f8d2ab14fe,272,272,0.2205882352941176470588235294,1.250421253989340302910363191,118.0000000000000071310261169,118.0000000000000071310261169,0.2911350281851185016861375471,-0.1164978503427754073325687211,176,0.2386363636363636363636363636,97.0000000000000048399375695,97.0000000000000048399375695,96,0.1875,21.00000000000000229108854730,21.00000000000000229108854730,run_cbad70ace5bf49a49048922f817856e0,ema_pullback:b53ab0d791a7e174442aabfb
w10-lb085-r6_0,lab_3d_boundary_w07_10_r55_60,10,85,6.0,18.0,3.0,ec8fc5e1e7be301430b04222e7fe6be38b8b85dcfbd37a7eefad40f8d2ab14fe,271,271,0.1992619926199261992619926199,1.205220529939871693805552255,106.9999999999999998594591291,106.9999999999999998594591291,0.2453390872720232378995109348,-0.1502646440054750978198475193,175,0.2228571428571428571428571429,97.9999999999999992388635347,97.9999999999999992388635347,96,0.15625,9.00000000000000062059559447,9.00000000000000062059559447,run_5c09a1c4bce14ecfbb9a4ad020485085,ema_pullback:2863ee0bc73bd162353bef75
w10-lb090-r5_5,lab_3d_boundary_w07_10_r55_60,10,90,5.5,16.5,3.0,ec8fc5e1e7be301430b04222e7fe6be38b8b85dcfbd37a7eefad40f8d2ab14fe,270,270,0.2148148148148148148148148148,1.221491735708715295976671784,107.0000000000000068379876507,107.0000000000000068379876507,0.2499275526672933466948371309,-0.1164978503427754073325687219,174,0.2298850574712643678160919540,86.00000000000000454689910330,86.00000000000000454689910330,96,0.1875,21.00000000000000229108854732,21.00000000000000229108854732,run_656748fea9874c2bb644c0c673fd2525,ema_pullback:f949fa688cccfadd77ad5d1f
w10-lb090-r6_0,lab_3d_boundary_w07_10_r55_60,10,90,6.0,18.0,3.0,ec8fc5e1e7be301430b04222e7fe6be38b8b85dcfbd37a7eefad40f8d2ab14fe,269,269,0.1933085501858736059479553903,1.174636630499555026311007014,95.00000000000000052907560515,95.00000000000000052907560515,0.2020773140325208395726942989,-0.1502646440054750978198475196,173,0.2138728323699421965317919075,85.99999999999999990848001068,85.99999999999999990848001068,96,0.15625,9.00000000000000062059559446,9.00000000000000062059559446,run_a629ba9522d24889bb7b493479a4b249,ema_pullback:32a3f923c7b9efdd10b07a5c
w10-lb095-r5_5,lab_3d_boundary_w07_10_r55_60,10,95,5.5,16.5,3.0,ec8fc5e1e7be301430b04222e7fe6be38b8b85dcfbd37a7eefad40f8d2ab14fe,268,268,0.2164179104477611940298507463,1.224019590639484127694275459,109.0000000000000068379876507,109.0000000000000068379876507,0.2528242307475016369060073009,-0.1164978503427754073325687214,173,0.2312138728323699421965317919,87.00000000000000454689910330,87.00000000000000454689910330,95,0.1894736842105263157894736842,22.00000000000000229108854732,22.00000000000000229108854732,run_503b3aed6a1d4598bfca0906f9f959d3,ema_pullback:b9ac42d411547328cc910f43
w10-lb095-r6_0,lab_3d_boundary_w07_10_r55_60,10,95,6.0,18.0,3.0,ec8fc5e1e7be301430b04222e7fe6be38b8b85dcfbd37a7eefad40f8d2ab14fe,267,267,0.1947565543071161048689138577,1.177005109367960233654917254,97.0000000000000005290756051,97.0000000000000005290756051,0.204863100295767178366847044,-0.1502646440054750978198475190,172,0.2151162790697674418604651163,86.99999999999999990848001067,86.99999999999999990848001067,95,0.1578947368421052631578947368,10.00000000000000062059559445,10.00000000000000062059559445,run_b41c5a346a29453c95addefde93f0189,ema_pullback:38cca6207daf5b0ae1a02cc1
w10-lb100-r5_5,lab_3d_boundary_w07_10_r55_60,10,100,5.5,16.5,3.0,ec8fc5e1e7be301430b04222e7fe6be38b8b85dcfbd37a7eefad40f8d2ab14fe,265,265,0.2150943396226415094339622642,1.226293922981844195742338587,105.5000000000000074282048324,105.5000000000000074282048324,0.2545522266106877089023587943,-0.1164978503427754073325687211,171,0.2280701754385964912280701754,82.50000000000000513711628504,82.50000000000000513711628504,94,0.1914893617021276595744680851,23.00000000000000229108854732,23.00000000000000229108854732,run_0bbed4275e064e589d0dbb175f88e740,ema_pullback:c506a598aa0f8acafe5731d8
w10-lb100-r6_0,lab_3d_boundary_w07_10_r55_60,10,100,6.0,18.0,3.0,ec8fc5e1e7be301430b04222e7fe6be38b8b85dcfbd37a7eefad40f8d2ab14fe,264,264,0.1931818181818181818181818182,1.178632995864932871900073317,93.00000000000000200461855948,93.00000000000000200461855948,0.2061177590405191479221255132,-0.1502646440054750978198475197,170,0.2117647058823529411764705882,82.00000000000000138402296502,82.00000000000000138402296502,94,0.1595744680851063829787234043,11.00000000000000062059559445,11.00000000000000062059559445,run_1f6f55272a5549b9a8785d449a2e8a73,ema_pullback:45e28502e398b034b16ae15a
w10-lb105-r5_5,lab_3d_boundary_w07_10_r55_60,10,105,5.5,16.5,3.0,ec8fc5e1e7be301430b04222e7fe6be38b8b85dcfbd37a7eefad40f8d2ab14fe,263,263,0.2167300380228136882129277567,1.237789723744853672072898102,107.5000000000000074282048324,107.5000000000000074282048324,0.2665749559111768882128076991,-0.1164978503427754073325687207,169,0.2307692307692307692307692308,84.50000000000000513711628507,84.50000000000000513711628507,94,0.1914893617021276595744680851,23.00000000000000229108854732,23.00000000000000229108854732,run_1196320f9a084df6b5b7d7c3edfb11ad,ema_pullback:a368ec6e9b55cfc63b2eee53
w10-lb105-r6_0,lab_3d_boundary_w07_10_r55_60,10,105,6.0,18.0,3.0,ec8fc5e1e7be301430b04222e7fe6be38b8b85dcfbd37a7eefad40f8d2ab14fe,263,263,0.1939163498098859315589353612,1.184767457631894874611190010,94.00000000000000200461855949,94.00000000000000200461855949,0.2126939757992281280945406715,-0.1502646440054750978198475180,169,0.2130177514792899408284023669,83.00000000000000138402296502,83.00000000000000138402296502,94,0.1595744680851063829787234043,11.00000000000000062059559446,11.00000000000000062059559446,run_d1c694fd70584fe28b48c93f6a57f504,ema_pullback:88d41156049730600dcd2cdc
w10-lb110-r5_5,lab_3d_boundary_w07_10_r55_60,10,110,5.5,16.5,3.0,ec8fc5e1e7be301430b04222e7fe6be38b8b85dcfbd37a7eefad40f8d2ab14fe,261,261,0.2145593869731800766283524904,1.219286579296600895576802225,103.0000000000000066758372889,103.0000000000000066758372889,0.2426557982289454455015161133,-0.1164978503427754073325687208,167,0.2275449101796407185628742515,80.00000000000000438474874152,80.00000000000000438474874152,94,0.1914893617021276595744680851,23.00000000000000229108854730,23.00000000000000229108854730,run_08d14aac197c4ba18f4d541ce36c4da8,ema_pullback:c110cb4ab1c7af10d899c03d
w10-lb110-r6_0,lab_3d_boundary_w07_10_r55_60,10,110,6.0,18.0,3.0,ec8fc5e1e7be301430b04222e7fe6be38b8b85dcfbd37a7eefad40f8d2ab14fe,261,261,0.1915708812260536398467432950,1.165171621958798807005341505,89.00000000000000200461855947,89.00000000000000200461855947,0.1874756842303596426398000564,-0.1502646440054750978198475189,167,0.2095808383233532934131736527,78.00000000000000138402296502,78.00000000000000138402296502,94,0.1595744680851063829787234043,11.00000000000000062059559446,11.00000000000000062059559446,run_7efe1e1515634690a5dd3d15e71e73c6,ema_pullback:aa7a7960d49c7c8b5d250b20
w10-lb115-r5_5,lab_3d_boundary_w07_10_r55_60,10,115,5.5,16.5,3.0,ec8fc5e1e7be301430b04222e7fe6be38b8b85dcfbd37a7eefad40f8d2ab14fe,256,256,0.21484375,1.215983075010456156584631559,101.5000000000000075374169921,101.5000000000000075374169921,0.2342787619695960754967325333,-0.1164978503427754073325687209,163,0.2269938650306748466257668712,77.50000000000000524632844469,77.50000000000000524632844469,93,0.1935483870967741935483870968,24.00000000000000229108854734,24.00000000000000229108854734,run_c4071957f04248d7bb847aba88f93e94,ema_pullback:bdba453de409a83f45dffba4
w10-lb115-r6_0,lab_3d_boundary_w07_10_r55_60,10,115,6.0,18.0,3.0,ec8fc5e1e7be301430b04222e7fe6be38b8b85dcfbd37a7eefad40f8d2ab14fe,256,256,0.19140625,1.159422515273259447455476988,87.00000000000000298928107743,87.00000000000000298928107743,0.1771319477711923176979566114,-0.1502646440054750978198475189,163,0.2085889570552147239263803681,75.00000000000000236868548298,75.00000000000000236868548298,93,0.1612903225806451612903225806,12.00000000000000062059559446,12.00000000000000062059559446,run_87fbdc43fa8b4773b7d76605ebe6d279,ema_pullback:ff0af74b8cfa9fc9a61bd981
w10-lb120-r5_5,lab_3d_boundary_w07_10_r55_60,10,120,5.5,16.5,3.0,ec8fc5e1e7be301430b04222e7fe6be38b8b85dcfbd37a7eefad40f8d2ab14fe,254,254,0.2125984251968503937007874016,1.201304009640830052268725775,97.0000000000000072877718758,97.0000000000000072877718758,0.2144374460710786778536028685,-0.1164978503427754073325687207,162,0.2283950617283950617283950617,78.50000000000000524632844472,78.50000000000000524632844472,92,0.1847826086956521739130434783,18.50000000000000204144343110,18.50000000000000204144343110,run_14f9ecd651ce4732b3d0e441623a90de,ema_pullback:98ea7fa21c15397f8dcc8664
w10-lb120-r6_0,lab_3d_boundary_w07_10_r55_60,10,120,6.0,18.0,3.0,ec8fc5e1e7be301430b04222e7fe6be38b8b85dcfbd37a7eefad40f8d2ab14fe,254,254,0.1889763779527559055118110236,1.143062680166664232692642934,82.00000000000000273963596124,82.00000000000000273963596124,0.1559440123360085555986433849,-0.1570847082889800122205397477,162,0.2098765432098765432098765432,76.00000000000000236868548298,76.00000000000000236868548298,92,0.1521739130434782608695652174,6.000000000000000370950478245,6.000000000000000370950478245,run_2f95d6d8f9eb424f814108801d4f1ac2,ema_pullback:2bacfb01fcbf8731dc2e6bb1
w10-lb125-r5_5,lab_3d_boundary_w07_10_r55_60,10,125,5.5,16.5,3.0,ec8fc5e1e7be301430b04222e7fe6be38b8b85dcfbd37a7eefad40f8d2ab14fe,248,248,0.2137096774193548387096774194,1.226086185223451349608982767,96.50000000000000760812078884,96.50000000000000760812078884,0.2380830347301807328044111364,-0.1195211996999760839189128404,160,0.23125,80.50000000000000524632844470,80.50000000000000524632844470,88,0.1818181818181818181818181818,16.00000000000000236179234415,16.00000000000000236179234415,run_05ad7f72f21f4a9583abb28a7515d9a6,ema_pullback:aed5b652dda4eed03ec76be9
w10-lb125-r6_0,lab_3d_boundary_w07_10_r55_60,10,125,6.0,18.0,3.0,ec8fc5e1e7be301430b04222e7fe6be38b8b85dcfbd37a7eefad40f8d2ab14fe,248,248,0.1895161290322580645161290323,1.165185635375128309162573776,81.00000000000000354050824383,81.00000000000000354050824383,0.1780842182664400221876707888,-0.1534358020651991499985106598,160,0.2125,78.00000000000000236868548298,78.00000000000000236868548298,88,0.1477272727272727272727272727,3.000000000000001171822760840,3.000000000000001171822760840,run_9fff2b7267f14a9da2c8db3106198adb,ema_pullback:02a4377d37092d68d86830a7
w10-lb130-r5_5,lab_3d_boundary_w07_10_r55_60,10,130,5.5,16.5,3.0,ec8fc5e1e7be301430b04222e7fe6be38b8b85dcfbd37a7eefad40f8d2ab14fe,245,245,0.2122448979591836734693877551,1.203845944394778786999507992,93.00000000000000739191472497,93.00000000000000739191472497,0.2093979295502324312657851131,-0.1283260457749062897078354000,159,0.2327044025157232704402515723,81.50000000000000524632844470,81.50000000000000524632844470,86,0.1744186046511627906976744186,11.50000000000000214558628028,11.50000000000000214558628028,run_693da75a38cc42a2816b03f429df7444,ema_pullback:5d8a2422c6e6e6f7e3a78743
w10-lb130-r6_0,lab_3d_boundary_w07_10_r55_60,10,130,6.0,18.0,3.0,ec8fc5e1e7be301430b04222e7fe6be38b8b85dcfbd37a7eefad40f8d2ab14fe,245,245,0.1877551020408163265306122449,1.140614676065124295732266502,77.00000000000000354050824384,77.00000000000000354050824384,0.147574097326144732889222201,-0.1744666548323847116327214233,159,0.2138364779874213836477987421,79.00000000000000236868548298,79.00000000000000236868548298,86,0.1395348837209302325581395349,-1.999999999999998828177239151,-1.999999999999998828177239151,run_bc74107962024bbf818657edb591fd0b,ema_pullback:43da8832dc46507a1147a28d
w10-lb135-r5_5,lab_3d_boundary_w07_10_r55_60,10,135,5.5,16.5,3.0,ec8fc5e1e7be301430b04222e7fe6be38b8b85dcfbd37a7eefad40f8d2ab14fe,244,244,0.2131147540983606557377049180,1.206110742626422362736939164,94.00000000000000739191472499,94.00000000000000739191472499,0.2113816499860067116037273504,-0.1283260457749062897078354000,158,0.2341772151898734177215189873,82.50000000000000524632844471,82.50000000000000524632844471,86,0.1744186046511627906976744186,11.50000000000000214558628029,11.50000000000000214558628029,run_cff997856e4d4637b581a1698f7deeac,ema_pullback:923be76ee8f7775a66d6b04d
w10-lb135-r6_0,lab_3d_boundary_w07_10_r55_60,10,135,6.0,18.0,3.0,ec8fc5e1e7be301430b04222e7fe6be38b8b85dcfbd37a7eefad40f8d2ab14fe,244,244,0.1885245901639344262295081967,1.142623460193463853657272739,78.00000000000000354050824384,78.00000000000000354050824384,0.1494564109408850027393520543,-0.1744666548323847116327214233,158,0.2151898734177215189873417722,80.00000000000000236868548298,80.00000000000000236868548298,86,0.1395348837209302325581395349,-1.999999999999998828177239150,-1.999999999999998828177239150,run_7aa7152afed444b3b661b6a97ae47613,ema_pullback:065add31da92914a4ba81eb5
w10-lb140-r5_5,lab_3d_boundary_w07_10_r55_60,10,140,5.5,16.5,3.0,ec8fc5e1e7be301430b04222e7fe6be38b8b85dcfbd37a7eefad40f8d2ab14fe,237,237,0.2151898734177215189873417722,1.188661003208657618706969966,94.50000000000000611589571853,94.50000000000000611589571853,0.1866368820433192270706182826,-0.1270535284556014151549783573,153,0.2352941176470588235294117647,81.00000000000000397030943825,81.00000000000000397030943825,84,0.1785714285714285714285714286,13.50000000000000214558628028,13.50000000000000214558628028,run_0abbbfc39f964b79a15fa286736e64d1,ema_pullback:c05732cd57df1ce8a535564d
w10-lb140-r6_0,lab_3d_boundary_w07_10_r55_60,10,140,6.0,18.0,3.0,ec8fc5e1e7be301430b04222e7fe6be38b8b85dcfbd37a7eefad40f8d2ab14fe,237,237,0.1898734177215189873417721519,1.121563834641732010649554865,78.00000000000000322150349222,78.00000000000000322150349222,0.122574890353611937796927289,-0.1732614960980924100976221751,153,0.2156862745098039215686274510,78.00000000000000204968073136,78.00000000000000204968073136,84,0.1428571428571428571428571429,1.171822760851E-15,1.171822760851E-15,run_d8d9d620570d413da9d9097367f713b3,ema_pullback:1373095100635777a2965ea6
